time,inning,,pitcher,batter,outcome,x,y,vs,ve,top,bot,pfx_x,pfx_z,px,pz,x0,y0,z0,vxo,vxo,vxo,break_y,break_angle,break_length,some,stuff,idk,pitchtype,type_conf,pitch_zone,nasty,spind_dir,spin_rate,comments
2014-04-17 14:45:22 -0500,1,Top,Madison Bumgarner,Dee Gordon,S,122.75,147.65,92.3,86.2,3.24,1.49,6.52,5.85,-0.708,2.432,3.296,50,5.643,-12.998,-134.707,-4.646,12.175,24.639,-21.171,23.9,-24.2,5.2,FT,0.532,4,53,132.106,1767.37,
2014-04-17 14:45:38 -0500,1,Top,Madison Bumgarner,Dee Gordon,B,71.24,129.52,92.9,86.5,3.5,1.64,5.8,7.54,0.909,3.179,3.318,50,5.825,-8.544,-135.947,-3.849,11.011,25.841,-17.781,23.9,-27,4.4,FF,0.959,12,62,142.584,1933.902,
2014-04-17 14:45:55 -0500,1,Top,Madison Bumgarner,Dee Gordon,B,89.27,170.1,92.6,86.3,3.43,1.49,6.9,7.18,0.319,1.445,3.427,50,5.487,-10.756,-135.121,-7.378,12.951,25.307,-18.635,23.9,-28.9,4.9,FT,0.877,14,53,136.273,2011.654,
2014-04-17 14:46:12 -0500,1,Top,Madison Bumgarner,Dee Gordon,S,125.32,155.42,92.3,85,3.43,1.5,8.16,6.87,-0.781,2.112,3.275,50,5.546,-13.607,-134.596,-5.472,15,28.707,-19.47,23.8,-30.6,5.3,FT,0.903,13,60,130.263,2118.77,
2014-04-17 14:46:33 -0500,1,Top,Madison Bumgarner,Dee Gordon,S,117.6,130.38,92.8,85.7,3.35,1.5,7.31,7.79,-0.515,3.209,3.196,50,5.65,-12.503,-135.436,-3.278,13.683,27.62,-17.53,23.8,-31.6,4.6,FT,0.9,1,59,136.944,2146.859,
2014-04-17 14:47:11 -0500,1,Top,Madison Bumgarner,Justin Turner,S,100.43,154.56,92.7,86.4,3.52,1.6,6.3,7.56,-0.007,2.206,3.235,50,5.664,-10.93,-135.443,-5.987,11.877,25.458,-17.843,23.9,-27.6,4.6,FF,0.807,8,41,140.35,1993.701,
2014-04-17 14:47:34 -0500,1,Top,Madison Bumgarner,Justin Turner,S,97.85,138.15,87.9,82.3,3.52,1.6,-0.29,4.38,0.109,2.776,3.472,50,5.873,-8.502,-128.658,-3.096,-0.493,22.806,-24.644,23.9,4.3,6,SL,0.911,5,20,183.744,850.921,
2014-04-17 14:48:00 -0500,1,Top,Madison Bumgarner,Justin Turner,B,144.21,125.2,92.8,85.5,3.61,1.49,7.8,7.86,-1.317,3.354,3.203,50,5.767,-14.804,-135.242,-3.186,14.514,28.308,-17.487,23.8,-32.3,4.7,FT,0.908,11,36,135.34,2215.037,
2014-04-17 14:48:18 -0500,1,Top,Madison Bumgarner,Justin Turner,S,105.58,148.51,88.7,83.1,3.52,1.6,4.23,6.3,-0.173,2.326,3.472,50,5.723,-10.818,-129.584,-4.648,7.32,22.391,-21.188,23.9,-14.2,5.3,SL,0.555,5,27,146.326,1477.978,
2014-04-17 14:48:43 -0500,1,Top,Madison Bumgarner,Justin Turner,B,36.91,168.37,75.5,69.6,3.54,1.53,-3.99,-6.92,1.955,1.569,3.667,50,5.973,-2.595,-110.773,-0.225,-4.877,22.961,-40.548,23.8,7.4,13.6,CU,0.896,14,24,329.785,1269.176,
2014-04-17 14:49:05 -0500,1,Top,Madison Bumgarner,Justin Turner,S,94.42,132.97,87.9,81.4,3.52,1.6,1.88,3.03,0.122,3.011,3.623,50,5.801,-9.525,-128.58,-1.782,3.16,25.623,-27.007,23.8,-2.9,6.6,SL,0.923,2,23,148.552,683.383,
2014-04-17 14:49:37 -0500,1,Top,Madison Bumgarner,Justin Turner,S,112.45,116.57,92.3,85.2,3.52,1.6,6.63,8.94,-0.391,3.63,3.444,50,5.797,-12.528,-134.763,-2.86,12.263,27.656,-15.57,23.8,-31.1,4.1,FF,0.84,11,49,143.553,2222.154,
2014-04-17 14:50:02 -0500,1,Top,Madison Bumgarner,Justin Turner,X,79.83,152.83,88.5,82.5,3.52,1.6,3.66,5.61,0.647,2.164,3.57,50,5.662,-8.728,-129.394,-4.606,6.275,23.81,-22.475,23.9,-11.6,5.6,SL,0.802,9,42,147.099,1295.213,
2014-04-17 14:50:45 -0500,1,Top,Madison Bumgarner,Yasiel Puig,B,138.2,152.83,93.8,87,3.72,1.67,6.84,7.73,-1.15,2.138,3.3,50,5.627,-14.466,-136.624,-6.249,13.065,27.258,-17.35,23.8,-28.9,4.5,FT,0.841,13,65,138.61,2098.241,
2014-04-17 14:51:06 -0500,1,Top,Madison Bumgarner,Yasiel Puig,B,139.91,136.43,93.8,86.4,3.76,1.64,7.04,8.88,-1.179,2.875,3.259,50,5.709,-14.473,-136.755,-4.845,13.385,29.23,-15.223,23.8,-32.5,4.1,FT,0.866,11,58,141.705,2291.302,
2014-04-17 14:51:37 -0500,1,Top,Madison Bumgarner,Yasiel Puig,S,130.47,138.15,89.1,82.7,3.51,1.63,2.05,4.07,-0.881,2.801,3.366,50,5.723,-11.626,-130.116,-2.659,3.539,25.635,-25.079,23.8,-3.1,6,SL,0.904,11,51,153.491,884.038,
2014-04-17 14:52:05 -0500,1,Top,Madison Bumgarner,Yasiel Puig,S,115.88,131.24,87.6,81.2,3.51,1.63,1.48,3.24,-0.432,3.177,3.379,50,5.723,-10.139,-128.04,-1.179,2.47,25.211,-26.701,23.8,-1.2,6.5,SL,0.923,1,38,155.711,680.357,
2014-04-17 14:52:42 -0500,1,Top,Madison Bumgarner,Yasiel Puig,S,112.45,112.25,92.8,85,3.51,1.63,5.71,8.43,-0.328,3.855,3.406,50,5.705,-11.959,-135.567,-1.865,10.589,30.539,-16.469,23.8,-25.1,4.1,FF,0.958,11,47,146.012,2027.023,
2014-04-17 14:55:05 -0500,1,Bottom,Hyun-Jin Ryu,Joaquin Arias,B,87.55,113.98,86.8,81.2,3.35,1.42,6.71,8.43,0.379,3.865,2.386,50,6.207,-7.285,-127.049,-2.354,11.18,21.193,-18.052,23.9,-28.5,5.1,FT,0.822,12,41,141.633,2056.776,
2014-04-17 14:55:20 -0500,1,Bottom,Hyun-Jin Ryu,Joaquin Arias,S,124.46,132.97,88.5,81.9,3.44,1.64,7.22,9.14,-0.755,3.018,2.162,50,6.113,-9.878,-129.323,-4.706,12.32,25.063,-16.506,23.8,-31,4.8,FT,0.901,11,62,141.823,2235.983,
2014-04-17 14:55:41 -0500,1,Bottom,Hyun-Jin Ryu,Joaquin Arias,X,127.04,139.88,88.6,82.1,3.44,1.64,7.85,8.1,-0.823,2.704,2.061,50,6.096,-10.01,-129.403,-5.135,13.416,24.94,-18.251,23.8,-31,5.3,FT,0.896,11,58,136.063,2167.705,
2014-04-17 14:56:21 -0500,1,Bottom,Hyun-Jin Ryu,Hunter Pence,S,95.28,158.01,81.4,75.7,3.41,1.67,11.12,4.59,0.153,1.97,2.266,50,5.978,-8.39,-118.987,-4.047,16.069,21.037,-25.458,23.9,-29.3,8.4,CH,0.906,8,55,112.683,2123.496,
2014-04-17 14:56:35 -0500,1,Bottom,Hyun-Jin Ryu,Hunter Pence,X,79.83,151.97,89.2,83.4,3.41,1.67,7.95,8.28,0.649,2.217,2.28,50,5.972,-6.919,-130.505,-6.353,13.941,23.109,-17.587,23.9,-34.4,5.2,FT,0.897,9,56,136.298,2243.069,
2014-04-17 14:57:16 -0500,1,Bottom,Hyun-Jin Ryu,Pablo Sandoval,S,83.26,151.1,70.7,65.5,3.28,1.49,-3.17,-8.44,0.499,2.246,2.402,50,6.472,-3.039,-103.639,1.512,-3.4,19.384,-41.16,23.8,5.4,15.5,CU,0.9,6,75,339.277,1344.928,
2014-04-17 14:57:36 -0500,1,Bottom,Hyun-Jin Ryu,Pablo Sandoval,B,149.36,170.96,82,78,3.2,1.53,0.49,0.6,-1.504,1.395,2.156,50,6.141,-8.909,-119.824,-4.835,0.726,17.134,-31.209,24,0.6,8.6,SL,0.904,13,30,143.046,146.212,
2014-04-17 14:58:11 -0500,1,Bottom,Hyun-Jin Ryu,Pablo Sandoval,B,42.06,146.79,81.5,75.8,3.16,1.53,9.31,6.08,1.77,2.415,2.537,50,6.014,-4.675,-119.389,-3.588,13.534,21.47,-23.256,23.8,-28.1,7.5,CH,0.906,12,16,123.383,1969.554,
2014-04-17 14:58:35 -0500,1,Bottom,Hyun-Jin Ryu,Pablo Sandoval,B,57.51,133.84,89.5,83,3.13,1.53,6.25,9.69,1.29,3.01,2.409,50,6.057,-5.018,-131.073,-5.005,10.969,25.476,-15.101,23.8,-32,4.4,FT,0.928,12,69,147.281,2246.133,
2014-04-17 14:58:59 -0500,1,Bottom,Hyun-Jin Ryu,Pablo Sandoval,S,62.66,158.88,81.7,77,3.2,1.53,7.74,4.29,1.173,1.833,2.317,50,6.034,-5.126,-119.637,-4.599,11.443,18.637,-25.755,23.9,-22.1,7.8,CH,0.902,14,55,119.291,1591.054,
2014-04-17 14:59:28 -0500,1,Bottom,Hyun-Jin Ryu,Pablo Sandoval,X,130.47,133.84,89.8,83.8,3.2,1.53,7.3,8.18,-0.883,3.013,2.009,50,6.089,-10.024,-131.244,-4.652,12.933,23.534,-17.597,23.9,-31.3,4.9,FT,0.905,11,70,138.421,2154.133,
2014-04-17 15:00:08 -0500,1,Bottom,Hyun-Jin Ryu,Buster Posey,B,48.07,131.24,70.2,64.8,3.44,1.49,-3.47,-11.57,1.605,3.101,2.443,50,6.492,-0.782,-102.851,4.128,-3.672,19.125,-44.338,23.8,5,16.8,CU,0.905,12,67,343.204,1792.289,
2014-04-17 15:00:27 -0500,1,Bottom,Hyun-Jin Ryu,Buster Posey,S,79.83,142.47,80.5,75.2,3.44,1.58,-1.97,0.48,0.612,2.612,2.414,50,6.148,-3.611,-117.955,-1.547,-2.807,20.482,-31.418,23.9,6,9.1,SL,0.905,6,34,254.926,357.548,
2014-04-17 15:00:46 -0500,1,Bottom,Hyun-Jin Ryu,Buster Posey,S,123.61,123.47,91,84.9,3.44,1.58,5.28,8.63,-0.728,3.384,1.955,50,6.185,-8.913,-133.073,-4.31,9.611,24.284,-16.384,23.9,-25.1,4.2,FF,0.879,11,58,148.673,2015.264,
2014-04-17 15:01:14 -0500,1,Bottom,Hyun-Jin Ryu,Buster Posey,B,40.34,164.06,82.6,77.3,3.28,1.53,10.29,6.43,1.825,1.795,2.483,50,5.989,-4.796,-120.864,-5.389,15.445,20.411,-22.454,23.9,-32.2,7.4,CH,0.907,14,28,122.184,2190.507,
2014-04-17 15:01:34 -0500,1,Bottom,Hyun-Jin Ryu,Buster Posey,X,72.96,145.92,71,65.9,3.44,1.58,-3.49,-7.79,0.872,2.454,2.243,50,6.511,-1.882,-104.096,1.601,-3.79,18.935,-40.572,23.8,5.7,15.1,CU,0.898,14,41,335.712,1284.097,
2014-04-17 15:04:17 -0500,2,Top,Madison Bumgarner,Adrian Gonzalez,S,115.88,148.51,86.4,80.8,3.46,1.67,1.82,4.51,-0.442,2.257,3.441,50,5.698,-10.334,-126.306,-3.706,2.982,22.274,-24.713,23.9,-2.9,6.3,SL,0.917,7,65,158.216,922.903,
2014-04-17 15:04:37 -0500,2,Top,Madison Bumgarner,Adrian Gonzalez,B,158.8,189.1,77.1,72.7,3.64,1.75,-6.47,-2.56,-1.742,0.624,3.239,50,5.73,-9.232,-112.632,-3.449,-8.368,19.073,-35.413,23.9,14.9,11.6,CU,0.904,13,10,291.16,1155.786,
2014-04-17 15:04:59 -0500,2,Top,Madison Bumgarner,Adrian Gonzalez,S,104.72,159.74,76,70.3,3.64,1.75,-4.54,-6.81,-0.197,1.878,3.58,50,5.86,-6.97,-111.309,0.567,-5.622,22.333,-40.537,23.8,9.5,13.4,CU,0.901,8,30,326.09,1313.423,
2014-04-17 15:05:21 -0500,2,Top,Madison Bumgarner,Adrian Gonzalez,S,66.09,124.34,92.2,85.1,3.64,1.75,5.37,9.95,1.123,3.388,3.592,50,5.717,-8.456,-134.979,-3.656,9.952,28.365,-13.674,23.8,-29.6,3.6,FF,0.951,12,57,151.723,2257.871,
2014-04-17 15:05:48 -0500,2,Top,Madison Bumgarner,Adrian Gonzalez,S,145.92,155.42,87.5,81.3,3.64,1.75,-0.2,3.21,-1.405,2.047,3.406,50,5.559,-12.087,-127.743,-3.569,-0.337,25.373,-26.783,23.8,5.3,6.7,SL,0.927,13,24,183.575,613.453,
2014-04-17 15:06:39 -0500,2,Top,Madison Bumgarner,Adrian Gonzalez,S,104.72,163.19,87.4,81.2,3.64,1.75,0.42,3.61,-0.101,1.836,3.542,50,5.645,-9.346,-127.717,-4.462,0.702,25.012,-26.099,23.8,2.1,6.6,SL,0.926,8,31,173.41,694.673,
2014-04-17 15:07:07 -0500,2,Top,Madison Bumgarner,Adrian Gonzalez,S,99.57,117.43,93,85.8,3.64,1.75,7.68,7.72,0.013,3.655,3.419,50,5.636,-11.839,-135.822,-2.049,14.431,28.193,-17.596,23.8,-33.7,4.7,FT,0.915,12,40,135.291,2191.066,
2014-04-17 15:07:49 -0500,2,Top,Madison Bumgarner,Matt Kemp,X,125.32,157.15,87.7,81.7,3.57,1.76,1.23,2.2,-0.8,2.006,3.457,50,5.569,-11.207,-128.047,-3.442,2.066,24.2,-28.407,23.9,-0.3,7,SL,0.93,13,84,151.259,486.78,
2014-04-17 15:08:28 -0500,2,Top,Madison Bumgarner,Scott Van Slyke,B,59.23,135.56,92.8,86.1,3.94,1.79,6.75,9.41,1.324,2.858,3.563,50,5.685,-8.394,-135.772,-4.946,12.735,26.849,-14.348,23.8,-36,4.1,FF,0.597,14,35,144.459,2340.93,
2014-04-17 15:08:44 -0500,2,Top,Madison Bumgarner,Scott Van Slyke,B,74.68,138.15,92.4,85.3,3.87,1.78,7.13,8.3,0.838,2.835,3.427,50,5.666,-9.402,-135.137,-4.451,13.255,28.071,-16.668,23.8,-32.9,4.6,FT,0.897,12,54,139.476,2189.994,
2014-04-17 15:09:02 -0500,2,Top,Madison Bumgarner,Scott Van Slyke,S,117.6,154.56,89.2,83.3,3.95,1.78,1.98,4.04,-0.474,2.135,3.359,50,5.628,-10.577,-130.276,-4.185,3.443,24.02,-25.072,23.9,-3.6,6,SL,0.881,7,45,154.138,878.934,
2014-04-17 15:09:27 -0500,2,Top,Madison Bumgarner,Scott Van Slyke,S,123.61,132.11,91.3,84.9,3.95,1.78,5.25,9.14,-0.645,3.138,3.285,50,5.756,-12.207,-133.33,-4.011,9.568,25.205,-15.441,23.8,-24.3,3.9,FF,0.928,4,43,150.24,2097.38,
2014-04-17 15:09:59 -0500,2,Top,Madison Bumgarner,Scott Van Slyke,S,136.48,152.83,88.2,82.7,3.95,1.78,1.11,4.96,-1.137,2.152,3.352,50,5.692,-11.871,-128.81,-4.456,1.904,22.4,-23.62,23.9,-0,5.8,SL,0.928,13,52,167.453,987.012,
2014-04-17 15:10:41 -0500,2,Top,Madison Bumgarner,Scott Van Slyke,S,106.44,151.1,92.4,86.5,3.95,1.78,4.4,9.3,-0.187,2.359,3.398,50,5.61,-11.169,-134.864,-6.007,8.278,23.602,-14.619,23.9,-22.2,3.6,FF,0.882,8,31,154.755,2087.882,
2014-04-17 15:11:08 -0500,2,Top,Madison Bumgarner,Scott Van Slyke,B,84.98,202.91,77.3,72,3.83,1.86,-6.63,-5.17,0.478,0.027,3.676,50,5.509,-5.207,-113.258,-3.509,-8.535,22.493,-38.759,23.9,13.3,12.7,CU,0.906,14,25,307.652,1380.868,
2014-04-17 15:11:37 -0500,2,Top,Madison Bumgarner,Scott Van Slyke,S,109.01,147.65,92.5,85.1,3.95,1.78,7.05,9.44,-0.277,2.368,3.347,50,5.644,-12.1,-134.997,-5.98,13.006,29.308,-14.68,23.8,-33.2,4.2,FT,0.887,7,37,143.372,2342.688,
2014-04-17 15:12:01 -0500,2,Top,Madison Bumgarner,Scott Van Slyke,B,133.91,188.23,76.9,71.3,3.94,1.9,-4.45,-6.24,-0.962,0.638,3.417,50,5.649,-8.393,-112.485,-2.008,-5.62,23.105,-39.977,23.8,9.8,13.2,CU,0.901,13,37,324.238,1240.255,
2014-04-17 15:12:41 -0500,2,Top,Madison Bumgarner,Juan Uribe,B,109.87,111.39,90.6,82.4,3.5,1.75,8.75,8.61,-0.343,3.913,3.49,50,5.766,-12.906,-132.189,-1.538,15.315,30.872,-17.026,23.7,-35.3,5,FT,0.905,11,58,134.687,2364.129,
2014-04-17 15:13:00 -0500,2,Top,Madison Bumgarner,Juan Uribe,X,128.76,153.69,86.6,80.6,3.42,1.64,2.47,4.06,-0.863,2.092,3.385,50,5.635,-11.443,-126.39,-3.791,4.029,23.525,-25.473,23.9,-4.5,6.5,SL,0.913,13,55,148.985,897.509,
2014-04-17 15:13:45 -0500,2,Top,Madison Bumgarner,Tim Federowicz,S,130.47,127.79,92,84.5,3.35,1.49,5.94,7.94,-0.916,3.22,3.177,50,5.682,-12.894,-134.219,-3.202,10.846,28.948,-17.608,23.8,-23.9,4.5,FF,0.941,11,79,143.329,1962.982,
2014-04-17 15:14:07 -0500,2,Top,Madison Bumgarner,Tim Federowicz,B,133.05,126.06,87.7,81.6,3.39,1.49,2.43,4.55,-0.986,3.336,3.473,50,5.677,-12.128,-128.088,-1.129,4.084,23.921,-24.457,23.8,-4.5,6,SL,0.925,11,58,152.113,988.917,
2014-04-17 15:14:30 -0500,2,Top,Madison Bumgarner,Tim Federowicz,S,139.06,140.74,91.5,85.5,3.24,1.48,5.54,7.05,-1.152,2.732,3.164,50,5.685,-13.376,-133.517,-4.234,10.182,24.06,-19.157,23.9,-21.5,4.7,FF,0.943,11,52,141.968,1795.721,
2014-04-17 15:14:54 -0500,2,Top,Madison Bumgarner,Tim Federowicz,X,99.57,158.01,89.7,83.2,3.24,1.48,1.77,5.27,-0.016,1.971,3.576,50,5.558,-9.912,-131.059,-4.89,3.087,26.295,-22.88,23.8,-2.9,5.5,SL,0.848,8,20,161.628,1084.084,
2014-04-17 15:15:42 -0500,2,Top,Madison Bumgarner,Hyun-Jin Ryu,S,104.72,122.61,88.9,82,3.53,1.6,6.45,8.94,-0.108,3.411,3.373,50,5.652,-11.096,-129.873,-2.494,11.064,26.03,-16.764,23.8,-27.2,4.6,FF,0.441,2,54,144.324,2119.153,
2014-04-17 15:16:00 -0500,2,Top,Madison Bumgarner,Hyun-Jin Ryu,S,116.74,135.56,90.6,83.9,3.46,1.58,5.41,8.45,-0.465,2.883,3.316,50,5.633,-11.756,-132.286,-3.964,9.672,25.987,-17.006,23.8,-22.7,4.4,FF,0.935,1,41,147.477,1972.892,
2014-04-17 15:16:20 -0500,2,Top,Madison Bumgarner,Hyun-Jin Ryu,S,110.73,131.24,91.8,84.3,3.46,1.58,7.2,10.07,-0.333,3.058,3.372,50,5.7,-12.271,-133.972,-4.378,13.074,29.065,-13.801,23.8,-35.3,4,FT,0.877,1,46,144.566,2441.924,Madison Bumgarner is trying to tie up Hyun-Jin Ryu with fastballs inside; Ryu is hitting .000 on pitches in that location compared to .091 overall.
2014-04-17 15:16:45 -0500,2,Top,Madison Bumgarner,Hyun-Jin Ryu,B,90.99,111.39,91.5,83.5,3.5,1.56,7.07,9.74,0.268,3.914,3.466,50,5.905,-10.831,-133.71,-2.472,12.705,30.694,-14.585,23.7,-34.1,4.1,FT,0.853,12,55,144.16,2354.246,
2014-04-17 15:17:08 -0500,2,Top,Madison Bumgarner,Hyun-Jin Ryu,B,121.89,169.24,87.8,82.4,3.53,1.6,-0.86,2.66,-0.669,1.475,3.309,50,5.572,-9.853,-128.3,-5.027,-1.451,22.871,-27.597,23.9,6,6.8,SL,0.923,13,59,197.588,542.94,
2014-04-17 15:17:27 -0500,2,Top,Madison Bumgarner,Hyun-Jin Ryu,X,123.61,135.56,92.8,85.5,3.46,1.58,6.37,8.14,-0.718,2.902,3.184,50,5.655,-12.656,-135.44,-4.201,11.851,28.964,-16.955,23.8,-27.3,4.4,FF,0.742,11,48,142.093,2066.161,
2014-04-17 15:20:35 -0500,2,Bottom,Hyun-Jin Ryu,Michael Morse,B,66.95,137.29,88.4,81.8,3.61,1.68,6.55,8.63,1.065,2.83,2.336,50,5.991,-5.434,-129.405,-4.697,11.161,25.707,-17.396,23.8,-28.9,5,FT,0.912,12,60,142.939,2076.209,
2014-04-17 15:20:48 -0500,2,Bottom,Hyun-Jin Ryu,Michael Morse,X,82.4,151.97,90.3,83.5,3.58,1.68,6.99,7.66,0.565,2.287,2.274,50,5.958,-6.838,-132.134,-6.051,12.405,27.033,-18.503,23.8,-29.3,5.2,FT,0.908,9,52,137.781,2026.865,
2014-04-17 15:21:26 -0500,2,Bottom,Hyun-Jin Ryu,Brandon Belt,S,99.57,148.51,80.5,74.9,3.27,1.58,9.55,3.57,0.03,2.313,2.322,50,5.971,-8.245,-117.78,-2.737,13.517,20.715,-27.046,23.9,-23.9,8.6,CH,0.902,5,41,110.776,1780.778,
2014-04-17 15:21:46 -0500,2,Bottom,Hyun-Jin Ryu,Brandon Belt,X,114.16,156.29,89.4,84,3.27,1.58,6.42,6.99,-0.338,2.038,2.201,50,5.908,-8.788,-130.617,-6.284,11.345,21.483,-19.741,23.9,-25.7,5.3,FT,0.923,7,46,137.621,1869.464,
2014-04-17 15:22:21 -0500,2,Bottom,Hyun-Jin Ryu,Brandon Hicks,S,92.7,152.83,81.7,77.4,3.46,1.64,-1.21,3.91,0.21,2.168,2.338,50,6.079,-4.706,-119.727,-3.841,-1.797,17.605,-26.282,24,5.1,7.3,SL,0.906,8,59,196.96,746.426,
2014-04-17 15:22:41 -0500,2,Bottom,Hyun-Jin Ryu,Brandon Hicks,S,71.24,154.56,82.1,77,3.43,1.55,9.44,7.22,0.891,2.163,2.312,50,5.985,-6.337,-120.161,-4.666,14.048,19.376,-21.352,23.9,-30.7,7,CH,0.907,14,50,127.61,2141.03,
2014-04-17 15:23:07 -0500,2,Bottom,Hyun-Jin Ryu,Brandon Hicks,B,151.07,199.46,84,79.4,3.43,1.55,-0.54,1.8,-1.557,0.181,1.966,50,5.98,-8.422,-122.571,-8.133,-0.83,19.943,-29.31,24,3.6,8,SL,0.902,13,19,196.16,352.939,
2014-04-17 15:23:36 -0500,2,Bottom,Hyun-Jin Ryu,Brandon Hicks,B,138.2,135.56,85.5,79.5,3.43,1.55,7.7,8,-1.096,2.934,2.305,50,5.888,-10.911,-124.939,-3.427,12.302,22.508,-19.304,23.8,-27.6,5.7,CH,0.707,11,51,136.294,2067.366,
2014-04-17 15:23:57 -0500,2,Bottom,Hyun-Jin Ryu,Brandon Hicks,B,134.76,176.14,81.7,77.2,3.39,1.55,-0.02,-0.2,-0.98,1.188,2.16,50,6.032,-7.459,-119.561,-4.702,-0.031,19.306,-32.4,23.9,1.8,9.1,SL,0.906,13,62,352.191,27.68,
2014-04-17 15:24:20 -0500,2,Bottom,Hyun-Jin Ryu,Brandon Hicks,S,138.2,150.24,91.1,84.3,3.43,1.55,5.68,8.97,-1.109,2.351,2.043,50,5.912,-10.245,-133.1,-6.356,10.24,27.123,-15.925,23.8,-25.6,4.3,FF,0.884,13,48,147.782,2093.491,
2014-04-17 15:25:02 -0500,2,Bottom,Hyun-Jin Ryu,Brandon Hicks,X,79.83,144.2,82.2,77,3.43,1.55,9.34,5.56,0.632,2.546,2.199,50,5.976,-6.662,-120.344,-3.238,13.937,19.471,-23.797,23.9,-28,7.4,CH,0.906,6,39,121.009,1960.289,
2014-04-17 15:26:13 -0500,2,Bottom,Hyun-Jin Ryu,Gregor Blanco,S,131.33,150.24,90,83.4,3.17,1.55,6.94,7.47,-0.926,2.228,2.048,50,5.906,-10.089,-131.448,-5.934,12.23,26.071,-18.933,23.8,-27.2,5.2,FT,0.908,13,60,137.274,1989.395,
2014-04-17 15:26:37 -0500,2,Bottom,Hyun-Jin Ryu,Gregor Blanco,B,127.9,188.23,73.7,68.5,3.05,1.38,-0.13,-9.7,-0.856,0.682,2.053,50,6.222,-6.122,-107.868,-1.489,-0.151,21.178,-43.366,23.8,1.4,15.2,CU,0.7,13,37,359.229,1505.417,
2014-04-17 15:27:00 -0500,2,Bottom,Hyun-Jin Ryu,Gregor Blanco,X,80.69,132.97,78.9,73.1,3.17,1.55,8.96,4.22,0.61,3.031,2.301,50,6.017,-6.528,-115.564,-1.053,12.167,20.751,-26.374,23.8,-22.6,8.6,CH,0.903,3,49,115.488,1692.109,
2014-04-17 15:29:49 -0500,3,Top,Madison Bumgarner,Dee Gordon,B,95.28,120.02,89.5,82.2,3.39,1.45,5.96,10.39,0.089,3.553,3.304,50,5.794,-10.301,-130.775,-3.056,10.318,27.508,-14.104,23.8,-29,4,FF,0.859,12,58,150.275,2308.418,
2014-04-17 15:30:04 -0500,3,Top,Madison Bumgarner,Dee Gordon,S,87.55,149.38,89.9,83.7,3.43,1.49,7.42,8.52,0.376,2.318,3.45,50,5.701,-10.532,-131.369,-5.556,13.124,24.501,-17.026,23.9,-31.9,4.9,FT,0.894,6,40,139.096,2213.405,
2014-04-17 15:30:28 -0500,3,Top,Madison Bumgarner,Dee Gordon,S,118.45,151.97,90.9,83.3,3.39,1.45,7.05,10.65,-0.543,2.231,3.386,50,5.543,-12.665,-132.582,-6.132,12.512,29.169,-13.206,23.8,-33.9,4,FT,0.869,4,49,146.591,2486.472,
2014-04-17 15:31:01 -0500,3,Top,Madison Bumgarner,Dee Gordon,X,95.28,127.79,91.5,83.9,3.35,1.5,7.43,9.45,0.168,3.246,3.222,50,5.713,-10.599,-133.763,-3.659,13.419,29.632,-15.033,23.8,-35,4.3,FT,0.911,2,48,141.945,2361.033,
2014-04-17 15:31:42 -0500,3,Top,Madison Bumgarner,Justin Turner,S,93.56,151.97,84.1,77.4,3.57,1.53,9.63,6.01,0.165,2.214,3.336,50,5.574,-10.716,-122.843,-3.414,14.692,24.614,-22.932,23.8,-28.2,7.1,CH,0.91,5,50,122.173,2049.884,
2014-04-17 15:31:57 -0500,3,Top,Madison Bumgarner,Justin Turner,X,73.82,158.01,83,77.2,3.52,1.6,10.79,4.4,0.813,1.961,3.411,50,5.527,-9.627,-121.35,-3.282,16.249,21.609,-25.481,23.8,-29.3,8,CH,0.911,14,55,112.387,2100.969,
2014-04-17 15:32:38 -0500,3,Top,Madison Bumgarner,Yasiel Puig,B,161.37,152.83,92.7,84.8,3.65,1.71,8.42,6.97,-1.818,2.13,3.064,50,5.579,-15.883,-134.974,-5.537,15.45,30.92,-19.314,23.7,-30.1,5.3,FT,0.9,13,37,129.774,2160.662,
2014-04-17 15:32:56 -0500,3,Top,Madison Bumgarner,Yasiel Puig,B,161.37,143.33,87.6,81.7,3.57,1.64,3.62,3.65,-1.912,2.503,3.266,50,5.69,-14.306,-127.643,-2.937,6.037,23.277,-26.003,23.9,-7.7,6.5,SL,0.897,13,19,135.63,981.208,
2014-04-17 15:33:17 -0500,3,Top,Madison Bumgarner,Yasiel Puig,B,145.92,143.33,88.8,82,3.68,1.64,2.65,5.35,-1.423,2.611,3.343,50,5.616,-13.076,-129.508,-3.191,4.507,26.645,-23.002,23.8,-4.7,5.7,SL,0.909,13,13,153.832,1144.817,
2014-04-17 15:33:35 -0500,3,Top,Madison Bumgarner,Yasiel Puig,S,122.75,139.02,92,85.1,3.57,1.64,5.88,9.12,-0.679,2.665,3.285,50,5.544,-12.571,-134.212,-4.764,10.81,27.017,-15.342,23.8,-27.1,4,FF,0.949,4,41,147.291,2162.392,
2014-04-17 15:34:00 -0500,3,Top,Madison Bumgarner,Yasiel Puig,X,100.43,128.65,89.1,82.3,3.51,1.63,0.04,4.34,0.04,3.137,3.514,50,5.618,-8.964,-130.435,-1.614,0.067,27.127,-24.622,23.8,3.9,5.9,SL,0.905,2,24,179.494,840.015,
2014-04-17 15:34:43 -0500,3,Top,Madison Bumgarner,Adrian Gonzalez,B,130.47,167.51,86.7,80.7,3.99,1.83,-0.06,3.59,-0.877,1.527,3.42,50,5.493,-10.751,-126.642,-4.707,-0.102,24.377,-26.24,23.9,4.2,6.7,SL,0.926,13,93,180.983,679.886,
2014-04-17 15:35:06 -0500,3,Top,Madison Bumgarner,Adrian Gonzalez,S,103.86,147.65,86.7,80.9,3.87,1.79,0.18,4.75,-0.087,2.431,3.494,50,5.542,-9.065,-126.87,-3.001,0.293,23.403,-24.274,23.9,2.9,6.1,SL,0.915,8,22,177.878,904.001,
2014-04-17 15:35:28 -0500,3,Top,Madison Bumgarner,Adrian Gonzalez,S,124.46,160.6,92.3,85.7,3.76,1.82,7.42,8.66,-0.731,1.978,3.385,50,5.561,-13.561,-134.599,-6.558,13.749,26.381,-16.041,23.8,-32.9,4.5,FT,0.897,13,62,139.562,2284.719,
2014-04-17 15:36:12 -0500,3,Top,Madison Bumgarner,Adrian Gonzalez,S,60.94,113.98,88.3,81.9,3.64,1.75,0.33,2.92,1.239,3.909,3.696,50,5.723,-6.408,-129.395,0.642,0.563,25.105,-27.112,23.8,1.3,6.4,SL,0.905,12,64,173.655,571.053,
2014-04-17 15:38:33 -0500,3,Bottom,Hyun-Jin Ryu,Madison Bumgarner,B,66.09,124.34,89.9,83.5,3.65,1.79,8.32,8.45,1.092,3.396,2.31,50,6.138,-6.008,-131.699,-3.887,14.768,25.151,-17.104,23.8,-37.4,5.1,FT,0.897,12,69,135.581,2324.324,
2014-04-17 15:38:46 -0500,3,Bottom,Hyun-Jin Ryu,Madison Bumgarner,S,78.11,158.88,79.9,75.1,3.54,1.65,9.56,4.35,0.729,1.995,2.21,50,5.987,-6.346,-116.924,-3.709,13.491,18.067,-25.963,23.9,-25.4,8.4,CH,0.903,14,52,114.721,1842.83,
2014-04-17 15:39:00 -0500,3,Bottom,Hyun-Jin Ryu,Madison Bumgarner,X,99.57,153.69,90.2,84.3,3.54,1.65,6.03,7.11,0.045,2.111,2.231,50,5.923,-7.791,-131.873,-6.296,10.795,23.694,-19.377,23.9,-24.8,5.1,FT,0.942,8,37,139.852,1841.85,
2014-04-17 15:39:59 -0500,3,Bottom,Hyun-Jin Ryu,Joaquin Arias,B,70.39,126.93,81.9,76.3,3.46,1.68,11.07,2.99,0.955,3.269,2.297,50,6.076,-6.621,-119.977,-0.863,16.318,20.808,-27.687,23.9,-28.7,8.7,CH,0.905,12,81,105.375,2046.438,
2014-04-17 15:40:14 -0500,3,Bottom,Hyun-Jin Ryu,Joaquin Arias,S,99.57,153.69,90.3,83.8,3.46,1.71,9.59,6.17,0.021,2.187,2.228,50,5.83,-9.033,-132.048,-5.49,17.057,26.046,-21.122,23.8,-34.7,6.1,FT,0.896,8,36,122.942,2233.015,
2014-04-17 15:40:30 -0500,3,Bottom,Hyun-Jin Ryu,Joaquin Arias,B,152.79,133.84,91.2,84.9,3.5,1.75,8.99,4.19,-1.519,2.98,2.016,50,5.905,-12.44,-133.13,-3.101,16.365,24.887,-24.475,23.9,-29.4,6.4,FT,0.896,11,34,115.195,1970.872,
2014-04-17 15:40:46 -0500,3,Bottom,Hyun-Jin Ryu,Joaquin Arias,X,117.6,139.02,90.4,84,3.44,1.64,6.66,6.14,-0.507,2.757,2.123,50,5.938,-9.166,-132.192,-4.312,11.915,25.253,-21.119,23.8,-25,5.5,FT,0.918,4,48,132.857,1783.804,
2014-04-17 15:41:27 -0500,3,Bottom,Hyun-Jin Ryu,Hunter Pence,S,126.18,128.65,91.7,85.7,3.42,1.67,5.73,7.5,-0.762,3.224,2.041,50,6.028,-9.47,-134.135,-4.066,10.63,24.267,-18.206,23.9,-25.4,4.6,FF,0.775,11,74,142.729,1898.486,
2014-04-17 15:41:43 -0500,3,Bottom,Hyun-Jin Ryu,Hunter Pence,X,130.47,126.93,84.7,79.2,3.41,1.67,-0.82,0.92,-0.934,3.279,2.171,50,6.119,-7.375,-123.964,-0.758,-1.297,21.807,-30.657,23.9,4.6,7.9,SL,0.908,11,56,220.529,233.582,
2014-04-17 15:42:33 -0500,3,Bottom,Hyun-Jin Ryu,Pablo Sandoval,S,100.43,165.78,90.1,84.1,3.2,1.53,8.62,7.81,-0.002,1.633,2.223,50,5.863,-8.756,-131.697,-7.585,15.355,24.217,-18.191,23.9,-35.3,5.4,FT,0.897,8,42,132.323,2287.79,
2014-04-17 15:42:54 -0500,3,Bottom,Hyun-Jin Ryu,Pablo Sandoval,S,111.59,126.06,89.7,83,3.2,1.53,7.18,8,-0.3,3.325,2.105,50,6.04,-8.674,-131.17,-3.582,12.606,25.701,-18.047,23.8,-30.3,5,FT,0.906,11,56,138.257,2094.123,
2014-04-17 15:43:16 -0500,3,Bottom,Hyun-Jin Ryu,Pablo Sandoval,S,52.36,157.15,91.2,84.4,3.2,1.53,6.82,8.14,1.455,2.055,2.363,50,5.874,-4.739,-133.499,-6.801,12.366,27.45,-17.348,23.8,-31.4,4.9,FT,0.918,14,33,140.17,2098.072,
2014-04-17 15:43:43 -0500,3,Bottom,Hyun-Jin Ryu,Pablo Sandoval,X,137.34,160.6,83.9,77.4,3.2,1.53,0.07,3.63,-1.077,1.787,2.221,50,6.095,-7.991,-122.658,-4.912,0.101,25.336,-26.59,23.8,2.9,7.4,SL,0.892,13,58,178.966,660.576,
2014-04-17 15:46:18 -0500,4,Top,Madison Bumgarner,Matt Kemp,S,112.45,151.1,82.8,76.6,3.42,1.75,9.95,6.29,-0.388,2.27,3.37,50,5.557,-12.082,-120.829,-3.103,14.802,22.213,-22.751,23.8,-28.6,7.2,CH,0.909,7,58,122.482,2106.834,
2014-04-17 15:46:36 -0500,4,Top,Madison Bumgarner,Matt Kemp,B,69.53,146.79,92.8,85.6,3.5,1.76,8.03,9.86,0.983,2.505,3.473,50,5.614,-9.479,-135.588,-5.792,15.016,28.264,-13.663,23.8,-41.4,4.3,FT,0.914,14,59,140.952,2550.396,
2014-04-17 15:46:58 -0500,4,Top,Madison Bumgarner,Matt Kemp,X,115.88,143.33,88.7,83,3.57,1.76,-0.03,5.08,-0.446,2.563,3.534,50,5.622,-10.244,-129.672,-3.355,-0.057,23.226,-23.32,23.9,4.2,5.6,SL,0.915,4,34,180.367,990.614,
2014-04-17 15:47:38 -0500,4,Top,Madison Bumgarner,Scott Van Slyke,S,100.43,153.69,83.9,77.5,3.83,1.82,9.84,4.08,-0.006,2.082,3.407,50,5.496,-11.352,-122.45,-2.913,14.974,23.567,-25.893,23.8,-26,7.8,CH,0.91,8,51,112.757,1923.867,
2014-04-17 15:47:52 -0500,4,Top,Madison Bumgarner,Scott Van Slyke,B,24.89,127.79,91.9,84,3.91,1.78,7.68,8.63,2.21,3.221,3.788,50,5.671,-6.819,-134.632,-3.397,13.983,31.468,-16.384,23.7,-35.9,4.7,FT,0.92,12,33,138.474,2272.793,
2014-04-17 15:48:07 -0500,4,Top,Madison Bumgarner,Scott Van Slyke,S,77.25,157.15,91.2,84.2,3.87,1.82,7.58,9.04,0.688,2.101,3.504,50,5.437,-10.016,-133.292,-5.799,13.684,27.693,-15.785,23.8,-34.5,4.6,FT,0.911,9,63,140.141,2323.858,
2014-04-17 15:48:23 -0500,4,Top,Madison Bumgarner,Scott Van Slyke,S,99.57,128.65,92.9,85.4,3.95,1.78,4.42,10.2,-0.001,3.236,3.322,50,5.703,-10.446,-135.798,-4.177,8.254,29.832,-13.067,23.8,-23.2,3.3,FF,0.916,2,27,156.638,2223.597,
2014-04-17 15:48:45 -0500,4,Top,Madison Bumgarner,Scott Van Slyke,B,63.52,130.38,88.2,82.1,3.91,1.78,0.22,2.53,1.149,3.036,3.764,50,5.613,-6.774,-129.229,-1.178,0.381,24.467,-27.783,23.9,1.7,6.6,SL,0.907,12,44,175.043,494.805,
2014-04-17 15:49:08 -0500,4,Top,Madison Bumgarner,Scott Van Slyke,B,56.65,152.83,89.6,81.8,3.83,1.75,2.27,3.67,1.36,2.161,3.844,50,5.481,-7.152,-131.116,-3.539,3.905,31.014,-25.801,23.7,-5,6.3,SL,0.875,14,23,148.504,827.015,
2014-04-17 15:49:29 -0500,4,Top,Madison Bumgarner,Scott Van Slyke,X,89.27,135.56,89.3,81.8,3.95,1.78,2.12,4.72,0.35,2.937,3.433,50,5.582,-8.636,-130.627,-2.138,3.636,29.221,-23.99,23.8,-4.2,5.8,SL,0.897,6,25,156.047,994.608,
2014-04-17 15:50:19 -0500,4,Top,Madison Bumgarner,Juan Uribe,B,155.36,148.51,81.8,76.8,3.53,1.67,8.29,3.7,-1.614,2.402,3.295,50,5.527,-14.22,-119.124,-1.803,12.186,17.999,-26.664,23.9,-20.7,7.9,CH,0.895,13,42,114.331,1628.763,
2014-04-17 15:50:39 -0500,4,Top,Madison Bumgarner,Juan Uribe,B,72.96,138.15,85.8,80.6,3.5,1.75,1.04,3.43,0.931,2.781,3.773,50,5.639,-7.448,-125.586,-1.844,1.7,20.592,-26.507,23.9,-1.2,6.6,SL,0.892,12,47,163.303,683.479,
2014-04-17 15:51:10 -0500,4,Top,Madison Bumgarner,Juan Uribe,B,89.27,171.83,87.6,81.8,3.53,1.67,4.6,5.53,0.341,1.414,3.625,50,5.351,-9.866,-127.946,-5.516,7.727,22.886,-22.801,23.9,-14.4,5.9,SL,0.745,14,43,140.499,1377.398,
2014-04-17 15:51:24 -0500,4,Top,Madison Bumgarner,Juan Uribe,B,17.17,88.94,71.9,65.8,3.68,1.93,9.42,7.32,2.5,4.879,3.69,50,6.299,-5.002,-105.336,2.826,10.514,19.035,-23.933,23.8,-22.3,9.2,IN,0,12,0,128.091,1839.898,
2014-04-17 15:52:34 -0500,4,Top,Madison Bumgarner,Tim Federowicz,B,68.67,120.88,81.5,75,3.35,1.56,10.89,5.02,1.048,3.471,3.524,50,5.649,-9.154,-119.134,0.16,15.668,22.592,-24.872,23.8,-29.4,8,CH,0.91,12,87,114.988,2105.042,
2014-04-17 15:52:52 -0500,4,Top,Madison Bumgarner,Tim Federowicz,S,122.75,146.79,88.9,82.3,3.39,1.52,3.9,4.58,-0.7,2.472,3.574,50,5.509,-12.267,-129.706,-3.067,6.675,25.902,-24.256,23.8,-9.9,6,SL,0.8,4,39,139.87,1158.355,
2014-04-17 15:53:12 -0500,4,Top,Madison Bumgarner,Tim Federowicz,B,46.35,122.61,82.3,76,3.24,1.53,6.88,5.47,1.643,3.419,3.766,50,5.63,-7.189,-120.48,-0.225,10.151,22.57,-24.031,23.8,-20.2,7,CH,0.842,12,34,128.737,1567.045,
2014-04-17 15:53:34 -0500,4,Top,Madison Bumgarner,Tim Federowicz,B,117.6,119.16,86.3,80,3.39,1.6,-1.5,4.35,-0.576,3.602,3.585,50,5.674,-9.904,-126.172,-0.154,-2.424,24.403,-25.056,23.8,9.6,6.4,SL,0.897,11,54,198.805,864.617,
2014-04-17 15:53:58 -0500,4,Top,Madison Bumgarner,Tim Federowicz,B,85.84,165.78,88.6,82.8,3.28,1.49,3.46,2.08,0.439,1.625,3.594,50,5.467,-9.269,-129.611,-4.331,5.951,24.165,-28.513,23.9,-8.5,7,SL,0.814,9,41,121.6,782.073,
2014-04-17 15:54:38 -0500,4,Top,Madison Bumgarner,Hyun-Jin Ryu,S,113.3,136.43,88.3,82.7,3.46,1.58,2.07,2.08,-0.395,2.938,3.45,50,5.601,-10.555,-129.018,-1.272,3.55,22.452,-28.536,23.9,-3.7,6.8,SL,0.919,1,65,135.702,571.581,
2014-04-17 15:55:18 -0500,4,Top,Madison Bumgarner,Hyun-Jin Ryu,B,48.07,105.34,90.6,83.7,3.53,1.52,5.31,7.67,1.621,4.154,3.57,50,5.741,-6.928,-132.635,-0.67,9.515,26.768,-18.354,23.8,-23.8,4.6,FF,0.926,12,22,145.454,1835.29,
2014-04-17 15:55:43 -0500,4,Top,Madison Bumgarner,Hyun-Jin Ryu,S,101.29,125.2,90.8,83.7,3.46,1.58,5.25,9.12,-0.035,3.373,3.326,50,5.661,-10.61,-132.716,-2.994,9.394,27.562,-15.79,23.8,-23.8,4.1,FF,0.933,2,36,150.173,2064.524,
2014-04-17 15:56:06 -0500,4,Top,Madison Bumgarner,Hyun-Jin Ryu,S,79.83,120.88,91.2,83.2,3.46,1.58,8.14,7.8,0.648,3.584,3.372,50,5.626,-9.921,-133.378,-1.899,14.55,30.767,-18.162,23.7,-33.5,5.1,FT,0.913,12,66,133.922,2197.195,
2014-04-17 15:56:48 -0500,4,Top,Madison Bumgarner,Dee Gordon,B,79.83,106.2,90.9,83.6,3.35,1.5,5.12,7.39,0.62,4.093,3.345,50,5.682,-8.904,-132.959,-0.588,9.181,28.038,-18.841,23.8,-21.1,4.6,FF,0.927,12,56,145.45,1766.382,"Madison Bumgarner has thrown 86 pitches but has plenty left in the tank, with his fastball sitting at 91 over the past 10 pitches."
2014-04-17 15:57:10 -0500,4,Top,Madison Bumgarner,Dee Gordon,S,118.45,158.01,86.7,80.6,3.35,1.5,1.69,2.92,-0.535,2.004,3.471,50,5.501,-10.593,-126.619,-3.315,2.761,24.216,-27.33,23.8,-1.8,6.9,SL,0.919,7,38,150.319,638.846,
2014-04-17 15:57:41 -0500,4,Top,Madison Bumgarner,Dee Gordon,S,92.7,124.34,91.8,85.1,3.35,1.5,6.83,8.19,0.213,3.358,3.494,50,5.671,-11.089,-134.151,-2.953,12.573,26.304,-17.021,23.8,-30.7,4.5,FF,0.541,12,41,140.317,2129.378,
2014-04-17 15:58:11 -0500,4,Top,Madison Bumgarner,Dee Gordon,S,101.29,113.11,92.1,84.3,3.35,1.5,7.47,9.46,-0.06,3.874,3.25,50,5.711,-11.36,-134.579,-2.086,13.668,30.023,-14.801,23.8,-36.2,4.2,FT,0.907,11,27,141.808,2382.963,"Madison Bumgarner has his out pitch working, recording 4 of his 6 strikeouts with the two-seam fastball so far."
2014-04-17 16:00:48 -0500,4,Bottom,Hyun-Jin Ryu,Buster Posey,B,63.52,120.02,81.2,75.3,3.42,1.6,-1.32,-0.36,1.149,3.529,2.545,50,6.215,-2.882,-119.071,0.611,-1.893,22.359,-32.623,23.8,4.2,9.2,SL,0.905,12,91,283.344,237.046,
2014-04-17 16:01:02 -0500,4,Bottom,Hyun-Jin Ryu,Buster Posey,B,50.64,132.97,82.2,76.1,3.46,1.6,8.6,4.21,1.527,3.099,2.394,50,6.06,-4.723,-120.489,-1.609,12.669,22.952,-25.905,23.8,-24.3,7.9,CH,0.904,12,24,116.328,1701.989,
2014-04-17 16:01:16 -0500,4,Bottom,Hyun-Jin Ryu,Buster Posey,S,80.69,137.29,81,75.6,3.44,1.58,10.68,3.42,0.651,2.818,2.15,50,6.023,-6.799,-118.566,-1.766,15.397,20.017,-27.172,23.9,-27.5,8.7,CH,0.904,6,44,107.998,1980.913,
2014-04-17 16:01:37 -0500,4,Bottom,Hyun-Jin Ryu,Buster Posey,S,90.99,150.24,71,66.1,3.43,1.53,-2.07,-10.09,0.301,2.296,2.253,50,6.334,-3.447,-104.037,2.246,-2.254,18.517,-43.083,23.9,3.7,15.9,CU,0.906,6,24,348.328,1553.378,
2014-04-17 16:01:53 -0500,4,Bottom,Hyun-Jin Ryu,Buster Posey,B,132.19,143.33,91.5,85.7,3.42,1.6,8.38,7.05,-1.014,2.61,2.161,50,5.852,-11.363,-133.68,-5.052,15.495,23.045,-19.061,23.9,-34.4,5.3,FT,0.897,11,51,130.241,2202.97,
2014-04-17 16:02:17 -0500,4,Bottom,Hyun-Jin Ryu,Buster Posey,X,127.04,129.52,91.7,86.3,3.44,1.58,7.89,6.76,-0.784,3.124,2.112,50,5.947,-10.505,-134.092,-3.915,14.741,21.876,-19.475,23.9,-33.1,5.2,FT,0.901,11,65,130.745,2105.076,Hyun-Jin Ryu got Buster Posey to chase a two-seam fastball; Posey is hitting .000 against them in that location this season compared to .259 overall.
2014-04-17 16:02:55 -0500,4,Bottom,Hyun-Jin Ryu,Michael Morse,B,105.58,120.88,91.6,85.6,3.46,1.75,6.59,6.99,-0.157,3.574,2.143,50,6.038,-8.422,-134.059,-2.98,12.217,24.072,-19.147,23.9,-28.7,4.9,FT,0.948,11,52,136.839,1932.737,
2014-04-17 16:03:10 -0500,4,Bottom,Hyun-Jin Ryu,Michael Morse,B,155.36,156.29,91.5,85.2,3.46,1.82,6.66,7.14,-1.691,2.098,1.916,50,5.879,-11.86,-133.579,-6.436,12.19,25.268,-19.029,23.9,-26.4,5,FT,0.928,13,38,137.16,1947.055,
2014-04-17 16:03:26 -0500,4,Bottom,Hyun-Jin Ryu,Michael Morse,B,90.99,107.93,83,77.2,3.35,1.6,-1.56,-0.23,0.286,4.101,2.319,50,6.191,-4.411,-121.68,1.691,-2.361,21.996,-32.454,23.9,5.5,8.7,SL,0.91,12,26,276.763,283.473,
2014-04-17 16:03:47 -0500,4,Bottom,Hyun-Jin Ryu,Michael Morse,S,117.6,146.79,92.3,85.8,3.27,1.53,8.53,7.2,-0.442,2.44,2.186,50,5.813,-9.999,-134.826,-5.53,15.881,26.019,-18.694,23.8,-35.4,5.3,FT,0.897,4,38,130.326,2241.464,
2014-04-17 16:04:03 -0500,4,Bottom,Hyun-Jin Ryu,Michael Morse,S,78.11,126.06,82.9,77.2,3.42,1.64,10.47,4.49,0.673,3.291,2.253,50,5.982,-7.085,-121.304,-1.213,15.794,21.076,-25.333,23.9,-29.8,7.9,CH,0.906,3,54,113.42,2058.525,
2014-04-17 16:04:42 -0500,4,Bottom,Hyun-Jin Ryu,Michael Morse,B,144.21,132.97,93.4,86.5,3.46,1.75,7.64,6.39,-1.329,2.981,1.998,50,5.941,-11.676,-136.438,-4.305,14.508,27.826,-19.969,23.8,-30.4,5.1,FT,0.904,11,34,130.073,2015.963,
2014-04-17 16:05:16 -0500,4,Bottom,Hyun-Jin Ryu,Brandon Belt,S,78.11,135.56,89.8,83.9,3.27,1.58,7.1,8.49,0.708,2.884,2.222,50,5.96,-6.374,-131.448,-4.788,12.626,23.49,-16.99,23.9,-32.9,4.8,FT,0.909,3,61,140.256,2179.534,
2014-04-17 16:05:38 -0500,4,Bottom,Hyun-Jin Ryu,Brandon Belt,S,104.72,161.47,82.6,77.3,3.27,1.58,7.45,5.93,-0.128,1.863,2.278,50,5.82,-8.101,-120.734,-4.653,11.173,20.091,-23.215,23.9,-22.5,7,CH,0.904,8,31,128.725,1720.898,
2014-04-17 16:06:03 -0500,4,Bottom,Hyun-Jin Ryu,Brandon Belt,S,65.24,107.93,90.3,83.1,3.35,1.56,6.52,7.65,1.125,4.067,2.149,50,6.104,-4.888,-132.384,-1.776,11.568,28.382,-18.528,23.8,-29.1,5,FT,0.928,12,56,139.712,1960.484,
2014-04-17 16:06:33 -0500,4,Bottom,Hyun-Jin Ryu,Brandon Hicks,B,152.79,150.24,82,76,3.46,1.53,-0.97,0.33,-1.557,2.354,2.022,50,6.119,-8.174,-120.004,-2.231,-1.405,23.735,-31.626,23.8,5.1,9,SL,0.907,13,46,248.692,182.32,
2014-04-17 16:06:50 -0500,4,Bottom,Hyun-Jin Ryu,Brandon Hicks,S,74.68,166.65,81.9,76.2,3.43,1.55,10.85,4.19,0.786,1.56,2.192,50,5.899,-6.686,-119.872,-4.826,15.896,21.73,-25.961,23.9,-28.9,8.5,CH,0.905,14,58,111.349,2065.584,
2014-04-17 16:07:10 -0500,4,Bottom,Hyun-Jin Ryu,Brandon Hicks,B,144.21,138.15,90.6,83.8,3.39,1.6,7.17,9.35,-1.317,2.917,1.886,50,6.032,-10.832,-132.263,-5.217,12.789,26.259,-15.414,23.8,-33.1,4.5,FT,0.913,11,35,142.655,2312.482,
2014-04-17 16:07:30 -0500,4,Bottom,Hyun-Jin Ryu,Brandon Hicks,S,121.89,156.29,91.2,84.4,3.43,1.55,6.69,8.97,-0.672,2.048,1.96,50,5.948,-9.234,-133.208,-7.27,12.095,27.001,-15.884,23.8,-30.7,4.5,FT,0.929,7,58,143.408,2209.722,
2014-04-17 16:08:07 -0500,4,Bottom,Hyun-Jin Ryu,Brandon Hicks,S,78.97,177.87,83.9,77.9,3.43,1.55,6.96,5.33,0.641,1.049,2.054,50,5.853,-5.619,-122.686,-6.713,10.637,23.524,-23.953,23.8,-21,7.1,CH,0.89,14,38,127.7,1589.729,
2014-04-17 16:10:32 -0500,5,Top,Madison Bumgarner,Justin Turner,S,101.29,154.56,90.6,83.8,3.52,1.6,6.63,7.45,0.011,2.206,3.448,50,5.573,-11.256,-132.292,-5.221,11.822,26.561,-18.821,23.8,-25.9,5,FT,0.794,8,34,138.481,1955.801,
2014-04-17 16:10:46 -0500,5,Top,Madison Bumgarner,Justin Turner,B,133.91,171.83,82.1,76.3,3.46,1.6,7.88,2.26,-1.07,1.334,3.219,50,5.563,-12.583,-119.645,-3.933,11.487,21.8,-28.798,23.8,-17.7,8.6,CH,0.898,13,64,106.378,1451.792,
2014-04-17 16:11:02 -0500,5,Top,Madison Bumgarner,Justin Turner,X,136.48,158.88,83.7,76.9,3.52,1.6,8.52,3.14,-1.047,1.942,3.205,50,5.532,-12.884,-122.026,-2.937,12.788,24.983,-27.386,23.8,-20.2,8.1,CH,0.907,13,56,110.527,1623.455,
2014-04-17 16:11:57 -0500,5,Top,Madison Bumgarner,Yasiel Puig,S,147.64,150.24,88.2,82.1,3.51,1.63,1.36,4.42,-1.435,2.255,3.402,50,5.601,-12.782,-128.687,-3.701,2.296,24.595,-24.625,23.9,-0.1,6.1,SL,0.932,13,50,163.085,889.547,
2014-04-17 16:12:32 -0500,5,Top,Madison Bumgarner,Yasiel Puig,B,141.63,129.52,86.1,80.8,3.57,1.6,-0.15,3.21,-1.235,3.178,3.368,50,5.769,-11.46,-125.693,-1.11,-0.241,21.02,-26.861,23.9,4.3,6.7,SL,0.905,11,50,182.595,613.871,
2014-04-17 16:13:07 -0500,5,Top,Madison Bumgarner,Yasiel Puig,S,109.87,119.16,90.5,83.9,3.51,1.63,6.7,6.3,-0.229,3.608,3.358,50,5.688,-11.686,-132.254,-1.475,11.979,25.788,-20.846,23.8,-24.8,5.3,FT,0.602,11,49,133.401,1808.565,
2014-04-17 16:13:36 -0500,5,Top,Madison Bumgarner,Yasiel Puig,X,90.99,113.11,89.9,84.2,3.51,1.63,5.43,8.27,0.273,3.844,3.335,50,5.752,-9.876,-131.465,-1.693,9.72,22.117,-17.309,23.9,-24.7,4.4,FF,0.923,12,49,146.821,1959.995,
2014-04-17 16:14:33 -0500,5,Top,Madison Bumgarner,Adrian Gonzalez,B,134.76,169.24,91.7,84.6,3.54,1.79,5.97,8.27,-1.026,1.425,3.118,50,5.487,-12.991,-133.614,-7.485,10.825,28.136,-17.113,23.8,-23.7,4.6,FF,0.661,13,83,144.295,2013.903,
2014-04-17 16:14:58 -0500,5,Top,Madison Bumgarner,Adrian Gonzalez,S,110.73,135.56,91.9,84,3.64,1.75,7.3,8.73,-0.306,2.921,3.375,50,5.613,-12.234,-134.172,-4.035,13.243,30.502,-16.274,23.7,-31.5,4.5,FT,0.908,4,39,140.21,2237.469,
2014-04-17 16:15:35 -0500,5,Top,Madison Bumgarner,Adrian Gonzalez,X,109.01,133.84,86.6,80.5,3.64,1.75,-0.04,2.01,-0.239,2.96,3.643,50,5.561,-9.719,-126.611,-0.773,-0.062,24.182,-28.821,23.8,3.5,7.2,SL,0.909,4,30,181.057,384.272,
2014-04-17 16:18:44 -0500,5,Top,Yusmeiro Petit,Matt Kemp,X,81.55,160.6,83.6,77.8,3.57,1.76,0.17,6.22,0.594,1.875,-0.758,50,5.589,3.224,-122.468,-4.354,0.266,22.413,-22.583,23.9,-2,6.2,SL,0.821,9,80,178.413,1136.607,
2014-04-17 16:21:19 -0500,5,Bottom,Hyun-Jin Ryu,Gregor Blanco,B,97.85,97.57,87.2,81.3,3.24,1.52,6.57,5.85,0.103,4.533,2.13,50,6.174,-7.317,-127.698,0.22,11.028,22.217,-22.273,23.9,-23.7,5.9,FT,0.801,12,31,131.919,1683.761,
2014-04-17 16:21:34 -0500,5,Bottom,Hyun-Jin Ryu,Gregor Blanco,B,96.14,121.75,89.3,83.4,3.17,1.56,6.12,6.92,0.088,3.458,2.138,50,6.079,-7.403,-130.791,-2.984,10.78,23.262,-19.918,23.9,-25,5.2,FT,0.907,12,49,138.667,1810.532,
2014-04-17 16:21:50 -0500,5,Bottom,Hyun-Jin Ryu,Gregor Blanco,S,105.58,126.06,89,82.8,3.13,1.56,6.58,7.19,-0.108,3.343,2.257,50,6.013,-8.326,-130.225,-3.111,11.44,23.973,-19.597,23.9,-26.3,5.2,FT,0.918,11,50,137.711,1894.078,
2014-04-17 16:22:09 -0500,5,Bottom,Hyun-Jin Ryu,Gregor Blanco,B,145.06,132.11,90.3,83.8,3.16,1.56,6.61,5.73,-1.289,3.069,2.041,50,5.969,-10.954,-131.912,-3.39,11.756,25.598,-21.909,23.8,-23.3,5.6,FT,0.92,11,69,131.127,1716.458,
2014-04-17 16:22:28 -0500,5,Bottom,Hyun-Jin Ryu,Gregor Blanco,X,109.01,145.92,88.5,82.7,3.17,1.55,6.93,7.28,-0.201,2.505,2.164,50,5.893,-8.414,-129.486,-4.931,11.968,22.768,-19.523,23.9,-27.4,5.4,FT,0.903,5,37,136.59,1951.2,
2014-04-17 16:23:10 -0500,5,Bottom,Hyun-Jin Ryu,Ehire Adrianza,S,87.55,140.74,80.6,74.8,3.27,1.58,7.57,3.3,0.404,2.607,2.358,50,5.826,-6.855,-117.967,-1.64,10.717,21.355,-27.42,23.8,-19,8.4,CH,0.9,6,56,113.922,1441.854,
2014-04-17 16:23:24 -0500,5,Bottom,Hyun-Jin Ryu,Ehire Adrianza,X,100.43,132.11,90,83.3,3.27,1.58,5.62,8.06,0.011,3.053,2.327,50,5.825,-7.942,-131.691,-3.8,9.93,26.305,-17.863,23.8,-24.3,4.7,FF,0.865,2,34,145.245,1918.937,
2014-04-17 16:24:09 -0500,5,Bottom,Hyun-Jin Ryu,Joaquin Arias,B,146.78,166.65,89.5,83.1,3.46,1.64,6.09,7.25,-1.345,1.546,2.082,50,5.9,-10.917,-130.615,-7.504,10.608,25.397,-19.468,23.8,-22.4,5.2,FT,0.931,13,46,140.143,1838.495,
2014-04-17 16:24:28 -0500,5,Bottom,Hyun-Jin Ryu,Joaquin Arias,S,120.17,151.97,89.7,83.1,3.44,1.64,7,8.09,-0.591,2.245,2.038,50,5.956,-9.187,-131.121,-6.182,12.265,25.985,-17.918,23.8,-28.8,5,FT,0.907,4,53,139.294,2080.776,
2014-04-17 16:25:17 -0500,5,Bottom,Hyun-Jin Ryu,Joaquin Arias,B,116.74,120.88,80.9,75.6,3.42,1.71,-0.49,-1.49,-0.508,3.601,2.158,50,6.149,-6.115,-118.461,1.301,-0.702,20.238,-34.242,23.9,2.8,9.6,SL,0.904,11,54,341.251,267.461,
2014-04-17 16:25:40 -0500,5,Bottom,Hyun-Jin Ryu,Joaquin Arias,S,67.81,155.42,83,77.3,3.44,1.64,8.71,6.7,0.985,2.06,2.22,50,5.887,-5.706,-121.492,-4.653,13.153,21.55,-21.991,23.9,-28.2,6.9,CH,0.907,14,53,127.748,1986.347,
2014-04-17 16:26:05 -0500,5,Bottom,Hyun-Jin Ryu,Joaquin Arias,X,80.69,183.92,84,78.3,3.44,1.64,7.43,5.14,0.625,0.787,2.213,50,5.672,-6.216,-122.819,-6.922,11.45,22.323,-24.173,23.9,-22.3,7.2,CH,0.885,14,37,124.946,1650.007,"Hyun-Jin Ryu has thrown 73 pitches but has plenty left in the tank, with his fastball sitting at 91 over the past 10 pitches."
2014-04-17 16:26:50 -0500,5,Bottom,Hyun-Jin Ryu,Hunter Pence,B,121.03,120.02,90.5,84.2,3.35,1.6,6.63,6.97,-0.611,3.505,1.954,50,5.927,-9.015,-132.446,-2.652,11.932,24.662,-19.546,23.9,-27.2,5.1,FT,0.934,11,68,136.624,1903.054,
2014-04-17 16:27:07 -0500,5,Bottom,Hyun-Jin Ryu,Hunter Pence,S,124.46,140.74,90.1,83.7,3.41,1.67,6.8,7.16,-0.731,2.666,1.926,50,5.916,-9.251,-131.792,-4.781,12.078,25.457,-19.391,23.8,-27,5.2,FT,0.914,11,54,136.625,1935.937,
2014-04-17 16:27:41 -0500,5,Bottom,Hyun-Jin Ryu,Hunter Pence,S,82.4,165.78,84.2,78.1,3.41,1.67,9.08,6.12,0.575,1.527,2.265,50,5.741,-6.996,-123.209,-5.623,14.018,23.388,-22.655,23.8,-28.4,7.1,CH,0.878,14,55,124.179,1995.208,
2014-04-17 16:28:04 -0500,5,Bottom,Hyun-Jin Ryu,Hunter Pence,B,150.21,141.61,91.2,84.8,3.35,1.56,5.81,7.45,-1.515,2.713,1.936,50,5.861,-11.12,-133.23,-4.809,10.567,25.577,-18.556,23.8,-23.6,4.7,FT,0.733,11,32,142.191,1876.981,
2014-04-17 16:28:44 -0500,5,Bottom,Hyun-Jin Ryu,Hunter Pence,X,137.34,142.47,91.4,84.3,3.41,1.67,5.75,7.93,-1.093,2.558,1.933,50,5.887,-9.956,-133.524,-5.419,10.406,28.089,-17.753,23.8,-24,4.6,FF,0.697,11,50,144.187,1932.227,
2014-04-17 16:31:19 -0500,6,Top,Yusmeiro Petit,Scott Van Slyke,X,107.3,120.88,86.9,80.2,3.95,1.78,-2.1,9.97,-0.198,3.479,-0.795,50,5.71,2.19,-127.452,-2.513,-3.456,25.505,-15.658,23.8,10.6,4,FF,0.91,2,52,191.817,1920.73,
2014-04-17 16:32:10 -0500,6,Top,Yusmeiro Petit,Juan Uribe,S,90.99,146.79,88.3,82.7,3.61,1.78,-1.92,9.46,0.271,2.386,-0.623,50,5.598,2.946,-129.347,-5.21,-3.319,21.965,-15.752,23.9,9.7,3.9,FF,0.943,9,50,191.424,1879.167,
2014-04-17 16:32:29 -0500,6,Top,Yusmeiro Petit,Juan Uribe,X,86.7,134.7,83.8,78.7,3.53,1.63,3.06,7.03,0.389,2.966,-0.649,50,5.798,1.562,-122.832,-2.609,4.779,19.457,-21.131,23.9,-13.1,5.7,SL,0.895,3,33,156.6,1421.199,
2014-04-17 16:33:12 -0500,6,Top,Yusmeiro Petit,Tim Federowicz,S,96.14,148.51,87.7,81,3.24,1.48,-1.49,9.65,0.12,2.358,-0.662,50,5.563,2.477,-128.559,-5.006,-2.49,26.161,-15.925,23.8,6.8,4.1,FF,0.913,5,39,188.711,1855.097,
2014-04-17 16:33:34 -0500,6,Top,Yusmeiro Petit,Tim Federowicz,B,77.25,130.38,75.9,70.7,3.24,1.49,9.62,1.8,0.705,3.076,-0.651,50,5.909,0.231,-111.318,0.535,12.136,19.045,-29.826,23.9,-22.2,10.3,CU,0.911,3,46,100.95,1610.988,
2014-04-17 16:33:52 -0500,6,Top,Yusmeiro Petit,Tim Federowicz,X,79.83,134.7,84.1,77.9,3.24,1.48,2.52,3.21,0.555,2.979,-0.652,50,5.749,2.144,-123.269,-1.18,3.891,23.744,-27.152,23.8,-8.9,7.3,SL,0.897,3,42,142.233,747.697,
2014-04-17 16:36:31 -0500,6,Bottom,Hyun-Jin Ryu,Pablo Sandoval,S,80.69,137.29,70.6,64.8,3.12,1.49,-5.17,-8.75,0.644,2.865,2.263,50,6.324,-1.925,-103.473,3.209,-5.491,20.434,-41.4,23.8,8.1,15.8,CU,0.901,3,89,329.242,1505.337,
2014-04-17 16:36:45 -0500,6,Bottom,Hyun-Jin Ryu,Pablo Sandoval,S,119.31,142.47,81.5,76.1,3.2,1.53,0.76,-2.45,-0.567,2.614,2.157,50,6.088,-6.671,-119.336,-0.665,1.105,21.317,-35.663,23.9,-0.1,10,SL,0.905,4,35,17.572,444.926,
2014-04-17 16:37:05 -0500,6,Bottom,Hyun-Jin Ryu,Pablo Sandoval,S,118.45,107.93,90.7,83.5,3.2,1.53,5.02,7.29,-0.556,4.05,2.011,50,6.108,-8.441,-132.724,-1.756,8.967,28.065,-19.088,23.8,-20.4,4.7,FF,0.889,11,36,145.581,1734.01,
2014-04-17 16:37:32 -0500,6,Bottom,Hyun-Jin Ryu,Buster Posey,B,134.76,105.34,82.4,76.2,3.44,1.58,-0.58,-1.45,-1.05,4.213,2.117,50,6.185,-7.362,-120.597,2.489,-0.861,23.247,-34.232,23.8,3.7,9.3,SL,0.909,11,73,337.299,268.371,
2014-04-17 16:37:49 -0500,6,Bottom,Hyun-Jin Ryu,Buster Posey,S,118.45,151.97,72.8,67.8,3.44,1.58,-4.45,-8.57,-0.524,2.152,2.281,50,6.16,-4.678,-106.588,1.563,-5.09,19.208,-41.906,23.9,7.9,14.9,CU,0.894,7,32,332.391,1494.87,
2014-04-17 16:38:21 -0500,6,Bottom,Hyun-Jin Ryu,Buster Posey,B,51.5,163.19,82.5,76.8,3.42,1.58,10.59,2.82,1.478,1.779,2.343,50,5.716,-5.366,-120.89,-3.594,15.772,22.118,-27.892,23.9,-27.5,8.7,CH,0.904,14,27,105.19,1961.29,
2014-04-17 16:38:38 -0500,6,Bottom,Hyun-Jin Ryu,Buster Posey,S,88.41,169.24,83.8,77.4,3.46,1.58,10.75,2.66,0.355,1.518,2.243,50,5.773,-7.936,-122.495,-4.48,16.308,24.473,-28.058,23.8,-27.2,8.7,CH,0.905,14,46,104.165,1992.023,
2014-04-17 16:39:10 -0500,6,Bottom,Hyun-Jin Ryu,Buster Posey,B,141.63,136.43,91.9,84.8,3.31,1.53,8.13,3.96,-1.235,2.928,1.942,50,5.841,-11.231,-134.218,-3.043,14.866,28.287,-24.862,23.8,-26.3,6.3,FT,0.897,11,65,116.191,1790.744,
2014-04-17 16:39:30 -0500,6,Bottom,Hyun-Jin Ryu,Buster Posey,X,104.72,157.15,85.7,79.7,3.44,1.58,11.85,5.07,-0.07,1.982,2.189,50,5.806,-9.435,-125.217,-4.664,19.007,22.877,-23.972,23.9,-35,7.6,FT,0.768,8,39,113.342,2398.469,
2014-04-17 16:40:12 -0500,6,Bottom,Hyun-Jin Ryu,Michael Morse,B,146.78,108.8,82.9,77.1,3.46,1.71,-0.47,0.62,-1.368,4.046,2.024,50,6.152,-8.003,-121.361,1.425,-0.704,22.179,-31.164,23.8,3.8,8.4,SL,0.908,11,54,214.876,147.174,
2014-04-17 16:40:29 -0500,6,Bottom,Hyun-Jin Ryu,Michael Morse,S,91.85,144.2,72.1,66.3,3.35,1.6,-4.03,-9.42,0.298,2.583,2.322,50,6.195,-3.109,-105.723,2.8,-4.475,21.321,-42.554,23.8,6.8,15.5,CU,0.897,6,20,336.68,1551.127,
2014-04-17 16:40:47 -0500,6,Bottom,Hyun-Jin Ryu,Michael Morse,S,86.7,167.51,85,80.2,3.58,1.68,7.39,3.92,0.433,1.581,2.308,50,5.646,-7.039,-124.372,-4.88,11.85,19.277,-25.804,23.9,-22.3,7.2,CH,0.801,14,48,118.261,1569.344,
2014-04-17 16:41:08 -0500,6,Bottom,Hyun-Jin Ryu,Michael Morse,B,112.45,96.71,90.8,83.7,3.46,1.75,6.34,5.59,-0.383,4.554,2.036,50,6.051,-8.523,-132.908,0.265,11.387,27.577,-22.059,23.8,-23.7,5.4,FT,0.919,11,40,131.615,1662.546,
2014-04-17 16:41:29 -0500,6,Bottom,Hyun-Jin Ryu,Michael Morse,B,109.01,113.11,90.6,83.9,3.46,1.71,7.35,5.79,-0.282,3.895,2.108,50,5.889,-8.793,-132.626,-1.11,13.201,26.238,-21.701,23.8,-27.7,5.6,FT,0.905,11,37,128.428,1843.294,
2014-04-17 16:41:54 -0500,6,Bottom,Hyun-Jin Ryu,Michael Morse,S,109.87,160.6,85.8,79.6,3.58,1.68,10.3,4.8,-0.263,1.88,2.167,50,5.729,-9.358,-125.479,-4.642,16.514,24.112,-24.405,23.8,-30.4,7.4,FT,0.813,7,49,115.195,2110.079,
2014-04-17 16:42:19 -0500,6,Bottom,Hyun-Jin Ryu,Michael Morse,S,102.15,130.38,92.9,86.3,3.58,1.68,4.34,6.83,-0.083,3.135,2.216,50,5.819,-7.719,-135.969,-3.678,8.203,26.893,-19.187,23.8,-18.7,4.5,FF,0.861,2,33,147.723,1638.98,
2014-04-17 16:42:48 -0500,6,Bottom,Hyun-Jin Ryu,Michael Morse,X,97,143.33,92.7,86.2,3.58,1.68,5.83,6.77,0.121,2.545,2.118,50,5.823,-7.416,-135.714,-5.226,10.983,26.785,-19.346,23.8,-25.2,4.8,FF,0.723,5,25,139.432,1805.261,
2014-04-17 16:45:41 -0500,7,Top,Yusmeiro Petit,Hyun-Jin Ryu,B,72.1,166.65,87.7,81.7,3.64,1.6,-1.46,10.52,0.859,1.69,-0.798,50,5.562,4.704,-128.418,-7.052,-2.468,23.735,-14.332,23.9,6,3.8,FF,0.88,14,80,187.874,2034.864,
2014-04-17 16:45:58 -0500,7,Top,Yusmeiro Petit,Hyun-Jin Ryu,S,111.59,135.56,88.3,82.4,3.46,1.58,-2.12,8.54,-0.367,2.851,-0.846,50,5.641,1.939,-129.408,-3.786,-3.647,23.358,-17.41,23.9,10.4,4.3,FF,0.937,1,37,193.874,1704.93,
2014-04-17 16:46:15 -0500,7,Top,Yusmeiro Petit,Hyun-Jin Ryu,S,74.68,145.06,88.1,82.4,3.57,1.6,-1.89,9.28,0.845,2.488,-0.693,50,5.519,4.579,-128.985,-4.617,-3.245,22.375,-16.197,23.9,8.3,4,FF,0.938,14,50,191.479,1833.733,
2014-04-17 16:46:34 -0500,7,Top,Yusmeiro Petit,Hyun-Jin Ryu,S,85.84,153.69,89.2,82.1,3.46,1.58,-2.98,10.54,0.493,2.133,-0.704,50,5.482,4.084,-130.623,-5.94,-5.139,27.605,-13.902,23.8,15.9,3.7,FF,0.895,9,43,195.707,2108.142,
2014-04-17 16:47:13 -0500,7,Top,Yusmeiro Petit,Dee Gordon,S,117.6,156.29,75.1,70.4,3.39,1.5,8.01,0.48,-0.466,2.025,-0.934,50,5.713,-1.254,-110.078,-0.836,9.939,17.534,-31.505,23.9,-17.1,10.8,CU,0.908,7,79,93.851,1312.883,
2014-04-17 16:47:33 -0500,7,Top,Yusmeiro Petit,Dee Gordon,B,144.21,107.07,79.5,74,3.27,1.5,-2.54,6.4,-1.313,4.039,-0.769,50,5.875,-0.493,-116.54,0.77,-3.533,19.401,-23.196,23.9,8.9,6.8,CH,0.898,11,18,201.479,1201.077,
2014-04-17 16:48:00 -0500,7,Top,Yusmeiro Petit,Dee Gordon,B,105.58,180.46,88.3,82.8,3.39,1.5,-2.43,9.01,-0.104,1.014,-0.734,50,5.416,2.433,-129.251,-8.093,-4.18,22.309,-16.575,23.9,11.9,4.3,FF,0.934,13,24,194.999,1812.688,
2014-04-17 16:48:24 -0500,7,Top,Yusmeiro Petit,Dee Gordon,X,113.3,155.42,88.9,82.7,3.35,1.5,-1.01,8.41,-0.375,2.038,-0.713,50,5.446,1.211,-130.304,-5.416,-1.752,24.881,-17.496,23.9,4.7,4.3,FF,0.86,7,39,186.805,1645.824,
2014-04-17 16:49:09 -0500,7,Top,Yusmeiro Petit,Justin Turner,B,69.53,159.74,89.5,83.1,3.57,1.6,2.09,8.68,0.96,1.88,-0.681,50,5.47,3.554,-131.145,-6.073,3.663,25.927,-16.871,23.8,-13.5,4.3,FC,0.634,14,74,166.54,1740.705,
2014-04-17 16:49:31 -0500,7,Top,Yusmeiro Petit,Justin Turner,B,66.95,155.42,89.4,82.8,3.52,1.6,-0.51,10.05,1.034,1.979,-0.393,50,5.456,3.868,-130.869,-6.197,-0.882,25.991,-14.556,23.8,0.5,3.7,FC,0.914,14,55,182.864,1955.535,
2014-04-17 16:49:56 -0500,7,Top,Yusmeiro Petit,Justin Turner,B,61.8,149.38,89.5,82.8,3.5,1.64,1.01,8.64,1.23,2.328,-0.463,50,5.551,4.049,-131.16,-5.076,1.767,26.986,-17.004,23.8,-8.1,4.2,FC,0.888,14,48,173.358,1689.323,"Yusmeiro Petit is having trouble locating his cutter, missing the strike zone with his last three."
2014-04-17 16:50:21 -0500,7,Top,Yusmeiro Petit,Justin Turner,B,97.85,123.47,88.7,82.1,3.52,1.6,-1.27,8.02,0.027,3.397,-0.591,50,5.532,2.016,-130.068,-1.949,-2.188,25.586,-18.268,23.8,5.5,4.4,FF,0.922,2,32,188.94,1570.162,
2014-04-17 16:51:11 -0500,7,Top,Yusmeiro Petit,Yasiel Puig,B,60.09,179.6,85.4,79.9,3.57,1.64,3.15,7.44,1.22,1.081,-0.604,50,5.48,3.504,-124.971,-6.842,5.052,22.145,-20.186,23.9,-14.7,5.6,SL,0.898,14,73,157.15,1510.212,
2014-04-17 16:51:35 -0500,7,Top,Yusmeiro Petit,Yasiel Puig,S,91.85,151.97,77.6,72.5,3.51,1.63,6.87,4.14,0.248,2.274,-0.711,50,5.677,0.148,-113.744,-1.77,9.089,18.9,-26.625,23.9,-18.7,8.7,CU,0.872,6,21,121.405,1358.26,
2014-04-17 16:52:27 -0500,7,Top,Yusmeiro Petit,Yasiel Puig,S,72.96,150.24,89.9,83.5,3.61,1.6,-0.04,10.11,0.859,2.309,-0.557,50,5.491,3.711,-131.694,-5.583,-0.077,25.704,-14.185,23.8,-2.3,3.5,FC,0.951,14,50,180.243,1981.743,
2014-04-17 16:52:56 -0500,7,Top,Yusmeiro Petit,Yasiel Puig,X,73.82,141.61,90.1,83.8,3.51,1.63,-2.48,9.78,0.859,2.725,-0.2,50,5.534,3.623,-132.062,-4.57,-4.437,24.951,-14.626,23.9,13.7,3.6,FF,0.92,12,48,194.188,1988.424,
2014-04-17 16:55:24 -0500,7,Bottom,Hyun-Jin Ryu,Brandon Belt,S,106.44,131.24,70.5,65.9,3.24,1.6,-5.59,-9.52,-0.229,3.063,2.177,50,6.4,-3.427,-103.27,3.591,-6.036,17.158,-42.388,23.9,8.8,15.9,CU,0.901,2,77,329.42,1666.734,
2014-04-17 16:55:40 -0500,7,Bottom,Hyun-Jin Ryu,Brandon Belt,S,68.67,143.33,89,83.5,3.27,1.58,6.6,8.47,0.998,2.649,2.313,50,5.879,-5.647,-130.325,-5.066,11.59,21.897,-17.227,23.9,-30.6,4.8,FT,0.921,12,54,142.211,2105.517,
2014-04-17 16:56:00 -0500,7,Bottom,Hyun-Jin Ryu,Brandon Belt,B,121.89,96.71,89.6,82.9,3.24,1.56,5.76,5.31,-0.635,4.654,2.067,50,6.083,-8.96,-131.101,0.674,10.1,25.7,-22.783,23.8,-20.3,5.6,FF,0.954,11,43,132.918,1526.168,
2014-04-17 16:56:18 -0500,7,Bottom,Hyun-Jin Ryu,Brandon Belt,B,139.06,134.7,82.6,77.3,3.2,1.37,0.55,-0.55,-1.126,2.884,2.006,50,6.091,-7.69,-120.972,-0.836,0.83,20.989,-32.93,23.9,0.6,8.9,SL,0.906,11,51,47.67,134.641,
2014-04-17 16:56:39 -0500,7,Bottom,Hyun-Jin Ryu,Brandon Belt,S,95.28,150.24,91.4,85.2,3.27,1.58,4.09,7.39,0.189,2.217,2.308,50,5.782,-7.037,-133.754,-5.966,7.499,25.506,-18.556,23.9,-17.6,4.5,FF,0.872,5,27,151.161,1686.243,
2014-04-17 16:57:03 -0500,7,Bottom,Hyun-Jin Ryu,Brandon Belt,S,87.55,168.37,83.1,77.6,3.27,1.58,8.96,5.54,0.381,1.548,2.241,50,5.813,-7.293,-121.513,-5.362,13.547,21.219,-23.718,23.9,-26.7,7.4,CH,0.906,14,46,121.973,1906.65,
2014-04-17 16:57:29 -0500,7,Bottom,Hyun-Jin Ryu,Brandon Belt,B,95.28,118.29,84.4,78.8,3.27,1.6,0.62,0.62,0.162,3.595,2.271,50,6.081,-5.373,-123.639,0.242,0.975,21.752,-31.129,23.9,-0.2,8,SL,0.903,12,38,136.986,167.704,
2014-04-17 16:57:58 -0500,7,Bottom,Hyun-Jin Ryu,Brandon Belt,S,111.59,145.06,92.7,86.1,3.27,1.58,7.33,5.72,-0.277,2.478,2.135,50,5.769,-9.044,-135.535,-4.874,13.775,26.613,-21.35,23.8,-28.5,5.5,FT,0.906,4,33,128.16,1875.236,
2014-04-17 16:58:24 -0500,7,Bottom,Hyun-Jin Ryu,Brandon Belt,S,78.97,139.02,92.5,86.5,3.27,1.58,4.7,4.62,0.706,2.781,2.212,50,5.808,-5.707,-135.503,-3.819,8.89,24.921,-23.361,23.9,-18.2,5.4,FF,0.84,3,52,134.752,1340.261,
2014-04-17 16:58:53 -0500,7,Bottom,Hyun-Jin Ryu,Brandon Belt,X,103.86,145.92,82.8,77.1,3.27,1.58,8.99,4.51,-0.107,2.458,2.399,50,5.763,-8.826,-121.1,-2.66,13.489,21.341,-25.337,23.9,-25,7.7,CH,0.905,5,20,116.879,1811.711,
2014-04-17 16:59:44 -0500,7,Bottom,Hyun-Jin Ryu,Angel Pagan,S,117.6,158.88,90.3,83.7,3.27,1.53,6.48,8.67,-0.483,1.988,2.169,50,5.725,-9.133,-131.994,-6.57,11.507,26.24,-16.705,23.8,-28.5,4.7,FT,0.932,7,52,143.357,2119.068,
2014-04-17 17:00:01 -0500,7,Bottom,Hyun-Jin Ryu,Angel Pagan,S,103.86,180.46,74.1,68.7,3.25,1.55,-3.96,-10.46,-0.086,1.012,2.23,50,6.044,-3.838,-108.539,-0.285,-4.647,21.831,-44.382,23.8,6.7,15.5,CU,0.894,13,11,339.162,1745.999,
2014-04-17 17:00:28 -0500,7,Bottom,Hyun-Jin Ryu,Angel Pagan,B,129.61,102.75,91.2,85.2,3.16,1.41,2.72,7.5,-0.824,4.356,2.054,50,5.993,-8.585,-133.524,-0.898,5,23.904,-18.318,23.9,-10.7,4.1,FF,0.863,11,44,160.159,1600.521,
2014-04-17 17:00:47 -0500,7,Bottom,Hyun-Jin Ryu,Angel Pagan,X,131.33,134.7,92.2,85.1,3.25,1.55,4.41,8.42,-0.893,2.991,2.153,50,5.84,-9.652,-134.88,-4.493,8.159,28.425,-16.541,23.8,-19.5,4.1,FF,0.867,11,60,152.441,1896.736,
2014-04-17 17:01:33 -0500,7,Bottom,Hyun-Jin Ryu,Gregor Blanco,X,109.01,151.97,91.1,84.5,3.17,1.55,6.31,6.82,-0.282,2.218,2.241,50,5.7,-8.824,-133.284,-5.446,11.433,26.823,-19.752,23.8,-25.1,5.1,FT,0.939,4,40,137.375,1837.645,
2014-04-17 17:04:34 -0500,8,Top,Jeremy Affeldt,Adrian Gonzalez,B,125.32,166.65,90.5,84.9,3.61,1.86,3.81,6.13,-0.748,1.66,2.213,50,6.012,-9.094,-132.227,-7.454,6.869,23.174,-21.035,23.9,-13.6,5.1,FT,0.888,13,73,148.341,1435.855,
2014-04-17 17:04:53 -0500,8,Top,Jeremy Affeldt,Adrian Gonzalez,X,97,155.42,91.5,84.8,3.76,1.82,6.36,5.07,0.081,2.064,2.263,50,6.009,-7.968,-133.797,-6.13,11.596,27.345,-22.858,23.8,-22.7,5.8,FT,0.896,8,42,128.779,1612.882,Jeremy Affeldt didn't stick to the scouting report; Adrian Gonzalez is hitting .750 this season against two-seam fastballs in that location.
2014-04-17 17:05:47 -0500,8,Top,Jeremy Affeldt,Matt Kemp,B,66.95,123.47,91.6,85.8,3.5,1.71,10.05,5.12,0.964,3.419,2.295,50,6.239,-7.048,-134.124,-3.295,18.654,23.733,-22.601,23.9,-37,6.3,FT,0.918,12,72,117.167,2267.94,
2014-04-17 17:06:06 -0500,8,Top,Jeremy Affeldt,Matt Kemp,S,90.99,140.74,91.9,85.6,3.57,1.76,11.45,4.16,0.367,2.669,2.256,50,6.11,-9.016,-134.452,-4.61,21.218,25.868,-24.386,23.9,-37.8,7,FT,0.919,6,40,110.156,2438.846,
2014-04-17 17:06:35 -0500,8,Top,Jeremy Affeldt,Matt Kemp,S,79.83,156.29,75.4,69.7,3.57,1.76,-6.2,-8.06,0.648,2.089,2.303,50,6.48,-1.849,-110.599,0.134,-7.565,22.397,-41.943,23.8,10.6,14.2,CU,0.901,9,41,322.247,1620.755,
2014-04-17 17:07:02 -0500,8,Top,Jeremy Affeldt,Matt Kemp,S,79.83,132.97,89.1,82,3.57,1.76,11.09,5.51,0.705,3.07,2.29,50,6.288,-7.784,-130.452,-3.883,19.075,27.991,-22.624,23.8,-36.7,6.9,FT,0.895,3,52,116.596,2372.384,
2014-04-17 17:07:32 -0500,8,Top,Jeremy Affeldt,Matt Kemp,S,83.26,163.19,88.6,83.3,3.57,1.76,7.87,2.14,0.541,1.8,2.263,50,6.07,-7.089,-129.693,-5.516,13.656,22.36,-28.381,23.9,-23.2,7.4,FT,0.75,9,62,105.523,1585.429,
2014-04-17 17:08:05 -0500,8,Top,Jeremy Affeldt,Scott Van Slyke,B,59.23,146.79,91.1,84.8,3.98,1.93,9.98,6.99,1.293,2.497,2.263,50,6.211,-6,-133.351,-6.165,18.173,25.53,-19.36,23.9,-39.8,5.9,FT,0.914,14,35,125.189,2419.19,
2014-04-17 17:08:24 -0500,8,Top,Jeremy Affeldt,Scott Van Slyke,S,77.25,139.02,92.1,85.7,3.95,1.86,9.35,4.86,0.71,2.812,2.164,50,6.173,-7.14,-134.809,-4.673,17.401,26.261,-23.066,23.9,-33.9,6.3,FT,0.91,14,53,117.629,2113.667,
2014-04-17 17:08:45 -0500,8,Top,Jeremy Affeldt,Scott Van Slyke,B,13.73,137.29,91.5,85.6,3.87,1.82,10.2,4.48,2.64,2.8,2.405,50,6.117,-2.912,-134.058,-4.361,18.854,24.833,-23.831,23.9,-36.7,6.7,FT,0.919,14,28,113.87,2231.23,
2014-04-17 17:09:08 -0500,8,Top,Jeremy Affeldt,Scott Van Slyke,S,113.3,153.69,90.9,85.2,3.95,1.78,11.85,3.28,-0.39,2.211,2.143,50,6.002,-10.777,-132.816,-5.077,21.582,23.236,-26.135,23.9,-36.3,7.4,FT,0.918,7,51,105.633,2448.008,
2014-04-17 17:09:40 -0500,8,Top,Jeremy Affeldt,Scott Van Slyke,X,68.67,138.15,88.2,80.8,3.95,1.78,9.57,2.5,1.003,2.776,2.166,50,6.231,-6.107,-129.167,-3.277,16.011,29.34,-27.916,23.8,-27.2,7.8,FT,0.756,14,58,104.893,1860.836,
2014-04-17 17:12:29 -0500,8,Bottom,Brian Wilson,Ehire Adrianza,S,66.09,138.15,90,84.2,3.35,1.41,-1.01,3.77,1.021,2.805,-1.926,50,5.679,8.059,-131.655,-2.679,-1.797,23.42,-25.368,23.9,1,5.8,SL,0.877,12,81,194.789,775.694,
2014-04-17 17:13:13 -0500,8,Bottom,Brian Wilson,Ehire Adrianza,B,147.64,144.2,94.8,88,3.12,1.45,-5.28,6.46,-1.4,2.577,-1.721,50,5.527,2.774,-138.969,-4.601,-10.413,28.836,-19.369,23.8,25.9,4.6,FF,0.881,11,23,219.117,1723.006,
2014-04-17 17:13:32 -0500,8,Bottom,Brian Wilson,Ehire Adrianza,B,145.06,139.88,89.9,83.7,3.2,1.56,1.46,3.2,-1.377,2.702,-2.232,50,5.517,1.74,-131.784,-2.298,2.584,25.399,-26.423,23.9,-6.2,6.2,SL,0.912,11,19,155.806,694.087,
2014-04-17 17:13:56 -0500,8,Bottom,Brian Wilson,Ehire Adrianza,X,119.31,139.02,93.9,86.8,3.27,1.58,-8.78,4.43,-0.6,2.759,-1.598,50,5.454,5.82,-137.567,-3,-16.891,29.248,-23.582,23.8,33,6.1,FT,0.723,1,50,243.038,1998.54,
2014-04-17 17:14:48 -0500,8,Bottom,Brian Wilson,Joaquin Arias,B,42.92,148.51,92.1,86.6,3.35,1.6,0.66,4.63,1.779,2.236,-1.694,50,5.52,9.087,-134.69,-4.448,1.231,23.388,-23.404,23.9,-6.4,5.2,SL,0.923,14,49,172.012,953.901,
2014-04-17 17:15:11 -0500,8,Bottom,Brian Wilson,Joaquin Arias,S,100.43,132.11,92.4,86.7,3.44,1.64,1.84,2.84,-0.02,2.978,-1.927,50,5.542,4.492,-135.397,-1.955,3.489,23.896,-26.727,23.9,-8.9,5.8,SL,0.924,2,21,147.36,693.113,
2014-04-17 17:15:38 -0500,8,Bottom,Brian Wilson,Joaquin Arias,B,138.2,119.16,90.3,84.3,3.39,1.71,-0.23,2.61,-1.086,3.557,-2.41,50,5.475,3.56,-132.418,0.165,-0.409,24.295,-27.405,23.9,-0.4,6.1,SL,0.895,11,61,184.9,524.413,
2014-04-17 17:16:01 -0500,8,Bottom,Brian Wilson,Joaquin Arias,B,56.65,129.52,92.6,86,3.35,1.67,-1.78,3.2,1.312,3.134,-1.619,50,5.588,8.497,-135.511,-1.736,-3.35,26.953,-26.094,23.8,3.8,5.7,SL,0.776,12,24,208.853,743.192,
2014-04-17 17:16:25 -0500,8,Bottom,Brian Wilson,Joaquin Arias,S,82.4,136.43,91,85.2,3.35,1.64,0.82,3.53,0.574,2.871,-1.916,50,5.483,6.32,-133.369,-2.089,1.502,24.257,-25.644,23.9,-5.7,5.8,SL,0.921,3,39,167.048,728.879,
2014-04-17 17:16:47 -0500,8,Bottom,Brian Wilson,Joaquin Arias,X,118.45,131.24,90,83.5,3.44,1.64,1.13,2.54,-0.535,3.128,-2.065,50,5.343,3.615,-132.012,-0.509,2.009,26.365,-27.593,23.8,-5.6,6.3,SL,0.914,1,41,156.322,549.727,
2014-04-17 17:17:36 -0500,8,Bottom,Brian Wilson,Hunter Pence,S,91.85,157.15,96.4,88.7,3.38,1.6,-5.33,8.04,0.279,2.057,-1.581,50,5.469,7.105,-140.984,-6.637,-10.741,31.936,-15.917,23.8,27.8,4,FF,0.927,9,53,213.452,2005.069,
2014-04-17 17:18:00 -0500,8,Bottom,Brian Wilson,Hunter Pence,B,175.97,132.11,90.7,84.3,3.41,1.56,-2.76,2.71,-2.262,3.096,-2.517,50,5.376,1.618,-132.971,-0.846,-4.986,26.084,-27.199,23.8,9.7,6.2,SL,0.469,11,23,225.062,768.482,
2014-04-17 17:18:24 -0500,8,Bottom,Brian Wilson,Hunter Pence,S,53.22,153.69,92.2,85.6,3.41,1.67,-2.91,3.2,1.434,2.105,-1.622,50,5.491,9.171,-134.85,-4.144,-5.406,27.341,-26.161,23.8,7.7,5.9,FF,0.702,14,25,221.956,869.915,
2014-04-17 17:18:53 -0500,8,Bottom,Brian Wilson,Hunter Pence,S,102.15,119.16,95,87.6,3.41,1.67,-6.53,7.04,-0.087,3.621,-1.666,50,5.424,6.679,-139.213,-1.646,-12.841,30.458,-18.244,23.8,31.5,4.5,FF,0.911,11,42,222.67,1974.381,
2014-04-17 17:19:19 -0500,8,Bottom,Brian Wilson,Hunter Pence,B,152.79,164.92,91.8,86.2,3.35,1.49,-1.63,3.63,-1.577,1.655,-2.306,50,5.24,2.519,-134.553,-4.87,-3.04,24.003,-25.313,23.9,5.7,5.7,SL,0.859,13,26,203.896,809.134,
2014-04-17 17:19:43 -0500,8,Bottom,Brian Wilson,Hunter Pence,B,53.22,172.69,91.9,86.1,3.42,1.52,-0.56,5.34,1.481,1.281,-1.675,50,5.421,8.624,-134.366,-6.9,-1.048,24.761,-22.187,23.9,-1,5.1,SL,0.902,14,32,185.989,1084.241,
2014-04-17 17:20:06 -0500,8,Bottom,Brian Wilson,Hunter Pence,B,145.06,169.24,91.5,85.2,3.35,1.52,-0.11,2.37,-1.35,1.494,-2.254,50,5.135,2.436,-134.062,-4.453,-0.194,26.479,-27.742,23.9,-0.5,6.3,SL,0.907,13,29,182.505,480.078,"Brian Wilson is having trouble locating his slider, missing the strike zone with his last three."
2014-04-17 17:20:58 -0500,8,Bottom,Brian Wilson,Pablo Sandoval,S,117.6,133.84,92.3,85.9,3.31,1.6,0.04,2.88,-0.566,2.962,-2.022,50,5.499,3.894,-135.302,-1.832,0.071,26.518,-26.705,23.9,-1.7,5.8,SL,0.915,1,74,179.258,586.466,
2014-04-17 17:21:23 -0500,8,Bottom,Brian Wilson,Pablo Sandoval,S,129.61,163.19,94.8,87.6,3.16,1.49,-1.82,6.35,-0.839,1.698,-1.638,50,5.444,2.84,-138.899,-6.697,-3.559,30.501,-19.673,23.8,8,4.4,SL,0.735,13,54,195.89,1357.598,
2014-04-17 17:21:49 -0500,8,Bottom,Brian Wilson,Pablo Sandoval,S,97,120.02,96.4,88.9,3.2,1.53,-4.83,6.38,0.135,3.545,-1.864,50,5.259,7.332,-141.182,-1.353,-9.783,30.942,-19.172,23.8,22.8,4.2,FF,0.936,12,40,216.958,1672.046,
2014-04-17 17:22:19 -0500,8,Bottom,Brian Wilson,Pablo Sandoval,B,140.77,170.96,93,86.5,3.16,1.53,1.16,3.01,-1.161,1.447,-2.029,50,5.28,1.937,-136.278,-5.454,2.192,27.922,-26.399,23.9,-5.3,5.9,SL,0.922,13,59,159.216,657.59,
2014-04-17 17:22:43 -0500,8,Bottom,Brian Wilson,Pablo Sandoval,S,128.76,144.2,91.4,85.7,3.2,1.53,1.31,4,-0.859,2.489,-2.217,50,5.294,3.168,-134.035,-2.848,2.417,24.071,-24.689,23.9,-6.7,5.5,SL,0.92,11,44,162.106,851.361,
2014-04-17 17:23:11 -0500,8,Bottom,Brian Wilson,Pablo Sandoval,S,121.03,109.66,95.5,88.5,3.2,1.53,-5.34,4.79,-0.664,4.037,-2.015,50,5.338,5.674,-140.004,0.449,-10.686,29.097,-22.514,23.8,23,4.9,FF,0.912,11,39,227.886,1492.716,Brian Wilson is taking a chance challenging Pablo Sandoval in a location where he is hitting .556 for the season compared to .175 overall.
2014-04-17 17:24:22 -0500,8,Bottom,Brian Wilson,Buster Posey,B,70.39,162.33,92.1,86.1,3.46,1.56,-2.32,4.35,0.891,1.67,-1.586,50,5.383,7.438,-134.795,-5.459,-4.322,25.38,-23.987,23.9,6.9,5.5,SL,0.634,14,89,207.829,996.405,
2014-04-17 17:24:39 -0500,8,Bottom,Brian Wilson,Buster Posey,B,64.38,132.97,92.1,86.2,3.39,1.49,-0.18,3.96,1.101,3.013,-1.589,50,5.519,7.277,-134.922,-2.121,-0.341,24.688,-24.677,23.9,-2.1,5.4,SL,0.914,12,51,182.602,806.967,"Brian Wilson may prefer to go after Buster Posey, whose OPS is .803 this season, with the four-seam fastball rather than facing Michael Morse, whose OPS is .910."
2014-04-17 17:25:12 -0500,8,Bottom,Brian Wilson,Buster Posey,S,72.96,130.38,91.9,84.9,3.42,1.56,-0.11,5.47,0.774,3.168,-1.716,50,5.61,6.661,-134.598,-2.349,-0.209,28.638,-22.053,23.8,-2.9,5,SL,0.903,12,51,181.181,1091.138,
2014-04-17 17:25:37 -0500,8,Bottom,Brian Wilson,Buster Posey,B,90.13,117.43,95,87.3,3.39,1.53,-10.41,4.27,0.313,3.672,-1.329,50,5.607,8.222,-139.125,-0.995,-20.391,31.286,-23.724,23.8,37.8,6.3,FT,0.739,12,53,247.49,2301.7,
2014-04-17 17:26:01 -0500,8,Bottom,Brian Wilson,Buster Posey,X,103.86,132.97,94.7,87.3,3.44,1.58,-4.05,7.91,-0.083,2.988,-1.42,50,5.51,5.106,-138.758,-3.876,-7.898,30.652,-16.656,23.8,21.2,3.9,FF,0.926,2,32,206.973,1820.536,
2014-04-17 17:29:06 -0500,9,Top,Jeremy Affeldt,Juan Uribe,S,108.15,155.42,89.8,83.7,3.42,1.64,9.73,4.63,-0.227,2.136,2.268,50,6.152,-9.795,-131.148,-5.86,17.172,24.227,-23.936,23.9,-31.8,6.7,FT,0.901,8,43,115.629,2106.879,
2014-04-17 17:29:46 -0500,9,Top,Jeremy Affeldt,Juan Uribe,B,90.13,201.18,86.6,81.5,3.5,1.71,6.81,3.41,0.295,0.116,2.254,50,5.949,-7.156,-126.434,-9.399,11.216,21.576,-26.481,23.9,-19.9,7.3,CH,0.977,14,26,116.912,1443.291,
2014-04-17 17:30:10 -0500,9,Top,Jeremy Affeldt,Juan Uribe,S,84.12,144.2,74.6,69,3.38,1.56,-8.68,-8.12,0.454,2.475,2.303,50,6.63,-1.553,-109.353,0.812,-10.383,21.529,-41.816,23.8,14.3,14.6,CU,0.901,6,26,312.882,1879.863,
2014-04-17 17:30:33 -0500,9,Top,Jeremy Affeldt,Juan Uribe,X,69.53,173.55,90.8,84,3.42,1.64,9.13,6.01,0.929,1.271,2.073,50,6.132,-6.109,-132.814,-8.672,16.308,28.421,-21.366,23.8,-33.1,6.3,FT,0.907,14,68,123.535,2137.095,
2014-04-17 17:31:15 -0500,9,Top,Jeremy Affeldt,Tim Federowicz,S,86.7,132.11,90.1,83.7,3.24,1.48,8.75,6.23,0.472,3.004,2.271,50,6.209,-7.679,-131.79,-4.355,15.552,25.159,-21.024,23.8,-32.9,5.9,FT,0.911,3,56,125.639,2106.548,
2014-04-17 17:31:37 -0500,9,Top,Jeremy Affeldt,Tim Federowicz,B,63.52,189.1,91.4,85.3,3.31,1.49,8.92,4.85,1.138,0.636,2.273,50,5.884,-6.08,-133.588,-9.51,16.292,26.04,-23.251,23.9,-31.3,6.5,FT,0.908,14,55,118.71,2017.322,
2014-04-17 17:31:59 -0500,9,Top,Jeremy Affeldt,Tim Federowicz,B,66.95,132.97,89.8,81.8,3.31,1.49,9.72,6.64,1.012,3.01,2.313,50,6.222,-6.609,-131.519,-4.296,16.788,31.498,-20.636,23.7,-35.2,6.2,FT,0.911,12,67,124.501,2247.078,
2014-04-17 17:32:18 -0500,9,Top,Jeremy Affeldt,Tim Federowicz,S,72.1,149.38,90.6,83.9,3.24,1.48,8.56,7.07,0.914,2.387,2.295,50,6.103,-6.541,-132.575,-6.038,15.32,26.926,-19.451,23.8,-34.2,5.7,FT,0.909,12,57,129.71,2179.237,
2014-04-17 17:32:41 -0500,9,Top,Jeremy Affeldt,Tim Federowicz,X,55.79,170.1,86.9,79.4,3.24,1.48,8.5,3.55,1.365,1.475,2.579,50,5.974,-5.778,-127.249,-5.948,13.72,29.867,-26.363,23.7,-24.2,7.7,CH,0.644,14,33,112.955,1698.753,
2014-04-17 17:33:26 -0500,9,Top,Jeremy Affeldt,Carl Crawford,B,121.03,183.05,74.7,69.6,3.72,1.78,-2.87,-9.35,-0.654,0.946,2.087,50,6.425,-5.092,-109.387,-1.706,-3.441,21.195,-43.315,23.9,5.5,14.8,CU,0.9,13,78,342.838,1546.486,
2014-04-17 17:33:45 -0500,9,Top,Jeremy Affeldt,Carl Crawford,X,108.15,146.79,90.8,84.2,3.61,1.76,9.13,4.42,-0.246,2.462,2.089,50,6.076,-9.259,-132.749,-4.904,16.41,26.531,-24.16,23.8,-30.3,6.6,FT,0.911,4,32,116.03,1995.845,
2014-04-17 17:36:31 -0500,9,Bottom,Kenley Jansen,Michael Morse,B,104.72,177.87,92.9,86.3,3.42,1.56,3.44,9.12,-0.124,1.129,-2.181,50,6.069,4.325,-135.819,-10.492,6.466,28.255,-14.974,23.8,-23.1,4,FC,0.91,13,37,159.399,1962.793,
2014-04-17 17:36:49 -0500,9,Bottom,Kenley Jansen,Michael Morse,S,100.43,138.15,91.8,85.1,3.58,1.68,2.45,8.24,-0.028,2.71,-2.234,50,6.199,5.02,-134.451,-6.097,4.507,27.762,-16.932,23.8,-16.8,4.2,FC,0.907,5,18,163.529,1715.071,
2014-04-17 17:37:14 -0500,9,Bottom,Kenley Jansen,Michael Morse,S,91.85,193.41,94.2,88.4,3.58,1.68,2.66,7.68,0.265,0.476,-2.215,50,6.042,5.831,-137.44,-12.076,5.178,25.378,-17.154,23.9,-17.7,4.2,FC,0.907,14,25,160.98,1677.043,
2014-04-17 17:37:38 -0500,9,Bottom,Kenley Jansen,Michael Morse,S,100.43,139.88,94.7,87.9,3.58,1.68,1.56,8.13,0.026,2.693,-2.297,50,6.177,5.819,-138.592,-6.618,3.052,28.765,-16.167,23.8,-13.5,3.7,FC,0.864,5,18,169.207,1705.8,
2014-04-17 17:38:03 -0500,9,Bottom,Kenley Jansen,Michael Morse,S,75.54,199.46,83.3,79.2,3.58,1.68,4.21,-3.53,0.813,0.248,-1.948,50,6.225,5.364,-121.818,-6.753,6.44,19.665,-37.507,24,-10.4,10.3,SL,0.909,14,44,50.371,995.805,
2014-04-17 17:38:51 -0500,9,Bottom,Kenley Jansen,Brandon Belt,S,86.7,172.69,93.7,87.5,3.27,1.58,3.74,9.46,0.408,1.237,-2.257,50,6.12,5.915,-136.812,-10.697,7.187,26.364,-13.935,23.9,-27.3,3.8,FC,0.91,14,65,158.495,2078.841,
2014-04-17 17:39:13 -0500,9,Bottom,Kenley Jansen,Brandon Belt,X,114.16,158.01,95.3,88.8,3.27,1.58,4.59,7.29,-0.413,1.982,-2.325,50,6.139,3.639,-139.417,-8.317,9.128,28.008,-17.588,23.9,-27,4.4,FC,0.912,7,39,147.963,1790.544,
2014-04-17 17:40:10 -0500,9,Bottom,Kenley Jansen,Hector Sanchez,B,133.05,120.02,95.2,88.5,3.24,1.48,3.05,8.24,-0.97,3.497,-2.246,50,6.384,2.432,-139.501,-5.151,6.082,28.223,-15.684,23.9,-21.4,3.6,FC,0.911,11,81,159.756,1827.854,
2014-04-17 17:40:33 -0500,9,Bottom,Kenley Jansen,Hector Sanchez,S,108.15,145.92,93.7,87.4,3.24,1.51,2.7,8.42,-0.248,2.484,-2.336,50,6.182,4.726,-137.15,-7.156,5.22,26.564,-15.853,23.9,-19.5,3.8,FC,0.909,4,26,162.266,1812.599,
2014-04-17 17:41:34 -0500,9,Bottom,Kenley Jansen,Hector Sanchez,S,88.41,141.61,95.3,87.5,3.24,1.51,2.69,8.58,0.362,2.602,-2.399,50,6.193,6.622,-139.454,-7.072,5.274,33.2,-15.312,23.8,-21.8,3.8,FC,0.904,6,33,162.633,1838.008,
2014-04-17 17:42:06 -0500,9,Bottom,Kenley Jansen,Hector Sanchez,B,127.04,112.25,96.1,89.3,3.27,1.49,-4.24,7.93,-0.743,3.896,-2.063,50,6.184,5.225,-140.762,-3.523,-8.6,28.45,-16.011,23.8,24.4,3.7,FF,0.93,11,41,208.015,1886.994,
2014-04-17 17:42:50 -0500,9,Bottom,Kenley Jansen,Hector Sanchez,S,159.66,146.79,95.3,87.6,3.24,1.51,-5.05,8.17,-1.783,2.332,-2.158,50,6.162,2.834,-139.522,-7.621,-9.917,32.251,-16.048,23.8,27.6,4.1,FF,0.931,13,20,211.589,1968.522,
2014-04-17 17:43:30 -0500,9,Bottom,Kenley Jansen,Gregor Blanco,S,108.15,146.79,92.9,85.9,3.12,1.41,1.6,9.16,-0.136,2.41,-2.265,50,6.186,5.166,-136.002,-7.372,2.998,29.229,-14.916,23.8,-13.8,3.7,FC,0.901,5,40,170.147,1868.544,
2014-04-17 17:44:08 -0500,9,Bottom,Kenley Jansen,Gregor Blanco,S,124.46,167.51,94.6,87.4,3.17,1.55,-4.79,9.15,-0.718,1.608,-1.967,50,6.036,5.12,-138.331,-9.49,-9.317,30.038,-14.322,23.8,26.8,3.8,FF,0.931,13,56,207.559,2111.924,
2014-04-17 17:44:38 -0500,9,Bottom,Kenley Jansen,Gregor Blanco,B,109.87,109.66,96.4,88.4,3.09,1.41,2.32,10.31,-0.241,3.968,-2.14,50,6.433,4.449,-141.25,-4.822,4.662,33.449,-11.359,23.8,-24.5,2.8,FC,0.893,11,30,167.377,2190.881,
2014-04-17 17:45:02 -0500,9,Bottom,Kenley Jansen,Gregor Blanco,B,141.63,120.88,96.1,88.2,3.12,1.45,-5.4,10,-1.251,3.555,-1.961,50,6.325,3.919,-140.846,-5.521,-10.808,32.8,-12.075,23.8,36.6,3.4,FF,0.931,11,44,208.267,2350.639,
2014-04-17 17:46:12 -0500,9,Bottom,Kenley Jansen,Gregor Blanco,S,112.45,145.06,95.6,88.7,3.17,1.55,3.76,10.07,-0.411,2.463,-2.269,50,6.199,3.794,-139.868,-8.19,7.509,29.092,-11.983,23.8,-31.2,3.2,FC,0.912,4,38,159.601,2234.455,
2014-04-17 17:46:39 -0500,9,Bottom,Kenley Jansen,Gregor Blanco,B,86.7,101.89,95.5,88.8,3.09,1.45,2.7,7.08,0.422,4.366,-2.133,50,6.343,6.117,-139.975,-2.264,5.414,28.379,-17.9,23.8,-19.8,3.9,FC,0.883,12,30,159.23,1582.283,
2014-04-17 17:47:04 -0500,9,Bottom,Kenley Jansen,Gregor Blanco,B,129.61,170.96,94.4,87.7,3.05,1.52,4.06,7.05,-0.82,1.372,-2.231,50,6.094,2.412,-138.066,-9.539,7.893,28.836,-18.411,23.8,-22.3,4.6,FC,0.912,13,63,150.167,1667.147,
2014-04-17 17:48:25 -0500,9,Bottom,Kenley Jansen,Ehire Adrianza,B,139.91,120.88,91,85,3.2,1.45,4.99,6.02,-1.254,3.509,-2.561,50,6.157,1.742,-133.392,-3.034,9.129,24.812,-21.1,23.9,-23.5,5.2,FC,0.908,11,79,140.5,1560.906,
2014-04-17 17:48:46 -0500,9,Bottom,Kenley Jansen,Ehire Adrianza,S,110.73,148.51,92.2,86.4,3.24,1.48,3.12,8.07,-0.292,2.354,-2.216,50,6.157,4.073,-134.915,-7.046,5.849,24.388,-16.962,23.9,-19.7,4.2,FC,0.908,4,26,158.97,1752.544,
2014-04-17 17:49:06 -0500,9,Bottom,Kenley Jansen,Ehire Adrianza,S,140.77,132.97,93.3,86.2,3.24,1.56,2.51,9.4,-1.19,3.02,-2.242,50,6.212,1.962,-136.733,-5.995,4.765,29.198,-14.247,23.8,-18.4,3.5,FC,0.911,11,56,165.117,1968.159,
2014-04-17 17:49:27 -0500,9,Bottom,Kenley Jansen,Ehire Adrianza,X,118.45,155.42,95,87.6,3.27,1.58,2.1,7.43,-0.573,2.083,-2.423,50,6.201,4.324,-139.035,-8.096,4.111,31.535,-17.573,23.8,-14.6,4.2,FC,0.906,7,42,164.277,1582.802,
2014-04-17 17:50:25 -0500,9,Bottom,Kenley Jansen,Brandon Crawford,S,113.3,121.75,93.6,86,3.31,1.48,1.3,10.33,-0.373,3.538,-2.312,50,6.257,4.787,-137.157,-5.042,2.467,31.347,-12.496,23.8,-14.5,3,FC,0.88,11,65,172.856,2097.74,
2014-04-17 17:50:47 -0500,9,Bottom,Kenley Jansen,Brandon Crawford,B,141.63,173.55,95.1,88.6,3.42,1.41,3.21,7.66,-1.315,1.371,-2.389,50,6.017,1.813,-139.093,-9.746,6.353,28.037,-16.938,23.9,-19.5,4.1,FC,0.912,13,34,157.367,1721.778,
2014-04-17 17:51:08 -0500,9,Bottom,Kenley Jansen,Brandon Crawford,B,110.73,180.46,95.1,88.8,3.31,1.48,2.86,8.49,-0.243,1.018,-2.104,50,5.98,4.108,-139.031,-10.921,5.672,27.539,-15.273,23.9,-20.3,3.8,FC,0.911,13,24,161.45,1860.279,
2014-04-17 17:51:39 -0500,9,Bottom,Kenley Jansen,Brandon Crawford,S,128.76,150.24,94.8,88.7,3.31,1.48,3.48,9.03,-0.89,2.25,-2.42,50,6.114,2.969,-138.754,-8.084,6.906,26.141,-14.201,23.9,-25.3,3.5,FC,0.912,13,48,158.983,2013.171,
2014-04-17 17:52:02 -0500,9,Bottom,Kenley Jansen,Brandon Crawford,S,92.7,147.65,95.7,87.7,3.31,1.48,3.69,10.81,0.29,2.394,-2.093,50,6.191,5.251,-139.99,-8.505,7.266,33.646,-10.802,23.8,-33.5,3.2,FC,0.912,6,26,161.225,2339.385,
2014-04-17 17:52:26 -0500,9,Bottom,Kenley Jansen,Brandon Crawford,S,103,169.24,95.8,88.6,3.31,1.48,3.11,9.23,-0.035,1.505,-2.217,50,6.088,4.918,-140.026,-10.207,6.196,30.786,-13.724,23.8,-24.4,3.6,FC,0.911,8,33,161.438,2016.483,
2014-04-17 17:53:02 -0500,9,Bottom,Kenley Jansen,Brandon Crawford,X,125.32,145.92,95.1,88,3.31,1.48,2.6,9.37,-0.74,2.487,-2.375,50,6.159,3.57,-139.256,-7.644,5.134,29.921,-13.616,23.8,-21.1,3.4,FC,0.91,11,43,164.538,2006.01,
